respid,int_date,state,usr,gender,internetuse,Give_up_TV,Give_up_cellphone,Give_up_internet,give_up_socialmedia,age,educ2,emplnw,inc
1,180103,42,U,Female,Yes,2,1,2,3,33,3,1,6
2,180103,45,S,Female,No,2,3,NaN,NaN,76,98,3,4
3,180103,34,S,Female,Yes,1,2,1,NaN,99,5,5,4
4,180103,24,S,Female,Yes,2,3,3,3,60,5,8,2
5,180103,33,R,Male,Yes,1,2,1,3,55,4,1,7
6,180103,37,U,Male,Yes,3,5,1,1,58,7,1,7
7,180103,12,U,Female,Yes,3,3,3,4,99,5,5,9
8,180103,34,S,Male,Yes,2,2,2,3,72,6,4,6
9,180103,51,R,Male,No,6,NaN,NaN,NaN,58,1,4,1
11,180103,54,R,Female,Yes,1,2,2,3,68,6,3,2
12,180103,51,S,Male,Yes,1,4,1,NaN,65,7,3,2
13,180103,12,U,Female,Yes,2,1,1,4,63,6,2,6
14,180103,42,S,Male,No,1,NaN,NaN,NaN,88,7,3,4
15,180103,37,R,Female,Yes,1,3,1,3,64,6,3,5
20,180103,51,S,Female,Yes,3,1,3,4,40,7,4,99
21,180103,21,U,Male,Yes,2,1,1,NaN,50,4,1,9
23,180103,39,U,Female,No,1,4,NaN,NaN,67,4,3,3
24,180103,42,S,Male,Yes,1,1,3,NaN,30,3,6,1
25,180103,36,S,Female,No,1,NaN,NaN,NaN,84,3,3,3
26,180108,26,S,Male,Yes,1,NaN,4,NaN,43,3,6,1
27,180103,25,S,Female,Yes,1,NaN,1,NaN,61,5,6,2
28,180108,26,S,Male,Yes,3,2,2,NaN,68,3,3,3
29,180103,42,R,Female,Yes,1,NaN,1,NaN,67,4,3,2
31,180103,36,S,Female,No,6,2,NaN,NaN,25,3,2,2
32,180103,12,S,Male,Yes,1,NaN,4,3,79,1,3,1
33,180103,13,U,Male,Yes,4,3,2,NaN,99,99,99,99
35,180103,39,U,Female,Yes,4,2,2,4,69,6,3,8
36,180103,42,S,Male,Yes,1,1,1,3,86,6,3,6
40,180103,37,S,Female,Yes,2,3,2,3,50,7,1,99
41,180103,50,R,Female,Yes,1,3,1,4,48,5,5,3
42,180103,36,U,Female,No,1,3,NaN,NaN,89,4,4,8
43,180103,51,S,Male,Yes,1,3,3,NaN,75,6,5,6
44,180103,37,S,Female,Yes,4,2,2,4,37,7,1,7
46,180103,33,S,Female,Yes,3,1,1,NaN,65,3,3,9
47,180103,18,U,Female,Yes,3,1,2,4,65,6,3,7
48,180103,26,S,Female,Yes,2,1,1,4,49,6,1,99
49,180103,48,R,Male,Yes,2,3,1,NaN,99,6,3,9
50,180103,36,S,Female,Yes,2,4,4,NaN,63,5,3,7
51,180103,12,U,Female,Yes,4,1,1,1,53,5,1,2
52,180103,36,S,Female,Yes,1,2,2,3,57,3,1,7
54,180103,9,S,Female,Yes,6,2,1,1,34,6,2,2
55,180103,45,S,Female,Yes,1,1,3,3,53,4,8,8
56,180103,12,U,Female,Yes,1,1,1,NaN,60,5,1,9
57,180103,26,S,Female,Yes,4,4,1,1,52,5,2,7
58,180103,36,S,Female,Yes,1,NaN,1,2,78,8,3,7
60,180105,26,S,Female,Yes,3,3,2,4,18,3,2,6
62,180103,34,S,Female,No,1,1,NaN,NaN,82,3,3,1
63,180103,13,S,Female,Yes,3,1,1,3,70,6,3,6
64,180103,36,S,Female,Yes,1,4,1,3,55,5,1,5
65,180103,42,R,Male,Yes,4,4,3,3,74,4,3,5
66,180103,26,S,Female,No,1,NaN,NaN,NaN,87,8,3,8
67,180103,24,S,Female,Yes,1,2,1,4,57,7,1,8
68,180103,21,S,Male,Yes,3,NaN,3,NaN,36,5,1,5
70,180103,12,S,Male,No,4,NaN,NaN,NaN,55,3,1,3
71,180103,12,U,Female,Yes,1,1,1,NaN,90,5,3,4
72,180103,23,R,Female,No,1,NaN,NaN,NaN,95,4,3,2
73,180103,45,S,Male,Yes,1,4,1,NaN,74,7,3,5
74,180103,45,S,Female,No,1,NaN,NaN,NaN,74,1,3,1
75,180103,37,R,Female,Yes,1,1,1,1,70,4,3,4
76,180103,42,S,Male,Yes,1,1,5,4,64,4,2,7
77,180103,36,S,Male,Yes,2,1,1,3,62,3,1,8
78,180103,26,U,Male,Yes,4,4,4,NaN,54,5,1,5
79,180103,39,S,Male,No,1,NaN,NaN,NaN,79,4,3,99
80,180103,18,S,Female,Yes,1,3,3,NaN,70,3,3,2
83,180103,47,S,Female,Yes,2,4,4,NaN,73,2,3,98
84,180103,36,U,Male,Yes,2,3,3,4,47,7,1,2
85,180103,37,U,Male,Yes,4,2,2,4,61,7,3,7
86,180103,36,U,Female,Yes,4,1,2,NaN,69,8,3,2
89,180103,37,U,Female,No,1,4,NaN,NaN,60,4,6,99
90,180103,37,R,Female,Yes,1,3,3,NaN,72,5,3,4
91,180103,51,S,Female,Yes,1,1,2,3,30,3,4,3
92,180103,9,U,Male,Yes,2,2,2,4,72,4,5,4
94,180103,12,S,Female,Yes,4,4,2,4,67,6,2,7
96,180103,50,R,Female,Yes,6,2,2,4,60,8,1,7
97,180103,26,R,Female,No,4,3,NaN,NaN,71,2,3,1
98,180103,12,S,Male,Yes,1,NaN,1,2,64,7,1,8
99,180103,50,S,Female,Yes,2,2,1,NaN,80,6,3,7
100,180103,12,S,Male,Yes,1,1,1,3,68,7,3,8
101,180103,13,S,Female,Yes,1,1,1,3,68,4,3,3
102,180103,36,S,Female,Yes,3,1,1,2,20,4,2,6
103,180103,28,R,Female,Yes,1,4,2,4,67,4,3,99
104,180103,29,U,Male,Yes,2,2,2,3,60,6,1,8
105,180103,29,S,Male,Yes,1,1,1,2,66,5,3,7
106,180103,48,S,Female,Yes,1,2,1,NaN,57,6,4,8
107,180103,5,R,Female,Yes,3,2,3,NaN,57,3,1,8
109,180103,28,R,Female,Yes,1,1,2,1,43,3,1,4
111,180103,27,U,Male,Yes,1,1,1,4,68,6,3,6
112,180103,28,R,Male,Yes,1,2,1,NaN,43,3,1,99
113,180103,29,U,Female,Yes,2,1,1,3,36,6,1,5
114,180103,12,U,Male,Yes,4,2,2,NaN,63,8,3,3
116,180103,29,R,Male,Yes,1,2,3,NaN,39,3,1,8
117,180103,55,S,Male,Yes,1,3,1,1,68,3,3,3
119,180103,47,R,Female,No,2,4,NaN,NaN,91,3,3,99
120,180103,1,U,Female,Yes,1,2,2,NaN,80,3,3,6
121,180103,48,R,Female,Yes,1,3,2,3,63,6,1,6
122,180103,19,R,Male,Yes,3,1,1,1,46,5,1,8
123,180103,17,S,Male,Yes,2,2,2,4,35,6,4,1
124,180103,55,U,Male,Yes,1,1,5,1,46,8,2,9
127,180103,17,S,Male,Yes,1,1,1,3,99,6,3,7
128,180103,5,R,Female,No,2,4,NaN,NaN,89,3,3,3
129,180103,17,S,Female,Yes,4,1,1,3,44,6,1,9
130,180103,28,R,Female,No,1,1,NaN,6,57,3,4,98
133,180103,17,S,Female,Yes,2,3,2,NaN,81,5,3,9
135,180103,48,R,Female,Yes,3,4,4,3,32,4,1,2
136,180103,17,R,Female,No,1,1,NaN,NaN,83,6,3,4
137,180103,48,U,Female,No,2,NaN,NaN,NaN,77,3,3,1
138,180103,29,S,Male,Yes,4,NaN,3,NaN,55,3,1,8
139,180103,48,S,Male,Yes,4,1,1,4,69,7,1,8
140,180103,27,S,Male,Yes,2,1,1,1,99,4,1,99
142,180103,27,R,Female,Yes,2,2,2,NaN,60,5,1,7
145,180103,20,U,Female,Yes,1,2,1,2,63,8,2,3
147,180103,19,U,Female,No,1,NaN,NaN,NaN,91,3,3,2
148,180103,48,S,Male,Yes,2,1,1,4,56,6,1,9
151,180103,38,R,Male,Yes,4,4,1,NaN,61,5,1,99
152,180103,27,S,Female,Yes,1,1,1,4,67,7,3,6
153,180103,48,R,Male,Yes,4,3,3,NaN,65,7,6,8
155,180103,22,R,Female,No,2,NaN,NaN,NaN,59,7,1,99
156,180103,29,S,Female,Yes,1,3,3,2,39,6,2,3
158,180103,48,S,Female,Yes,2,4,1,2,61,4,6,3
159,180103,22,S,Female,Yes,3,3,3,4,77,4,2,3
161,180103,30,R,Male,No,3,NaN,NaN,NaN,79,2,3,98
162,180103,4,S,Male,Yes,4,NaN,4,NaN,72,6,3,2
163,180103,4,U,Male,No,1,2,NaN,NaN,83,3,3,3
164,180103,31,R,Male,Yes,2,3,2,NaN,75,6,1,99
165,180103,4,U,Female,No,1,NaN,NaN,NaN,71,6,3,6
166,180103,4,U,Female,Yes,4,1,1,NaN,70,6,3,99
167,180110,6,S,Female,No,1,2,NaN,NaN,88,3,3,1
168,180103,6,S,Male,Yes,5,2,1,2,47,3,1,6
169,180103,6,U,Female,No,1,1,NaN,NaN,62,6,1,7
170,180103,6,S,Female,Yes,3,3,1,2,85,4,3,5
171,180103,6,U,Female,Yes,4,1,1,1,61,6,5,8
172,180103,6,S,Male,Yes,2,1,4,NaN,77,3,3,99
174,180106,53,S,Female,Yes,2,2,2,2,79,6,3,3
175,180103,6,U,Male,Yes,1,1,1,2,99,3,2,98
176,180103,6,S,Female,Yes,1,4,2,NaN,79,6,3,8
177,180103,41,S,Female,Yes,3,2,2,4,56,6,4,9
178,180103,41,R,Male,Yes,2,1,2,3,67,8,3,4
179,180103,6,S,Female,Yes,2,2,2,4,99,6,3,99
180,180107,53,S,Female,Yes,3,2,3,NaN,45,5,1,7
181,180103,6,R,Female,No,2,2,NaN,NaN,87,5,3,4
183,180103,6,U,Male,No,3,3,NaN,NaN,66,1,3,4
184,180103,53,U,Male,Yes,1,1,1,4,59,8,1,8
186,180103,53,U,Female,Yes,3,4,1,3,67,8,3,6
187,180103,2,U,Male,Yes,2,9,2,NaN,85,4,3,5
188,180103,6,S,Female,Yes,2,1,1,2,33,6,1,8
189,180104,36,S,Female,Yes,1,1,1,3,50,6,3,4
190,180104,13,S,Male,No,1,1,NaN,NaN,88,5,3,3
191,180104,33,R,Male,Yes,1,4,2,NaN,82,7,3,99
192,180104,39,S,Male,Yes,4,2,1,4,31,3,4,3
193,180104,51,S,Male,No,1,3,NaN,NaN,82,7,3,4
194,180104,26,S,Female,Yes,1,3,2,NaN,70,4,3,4
195,180104,51,S,Female,Yes,1,1,1,2,56,1,1,8
196,180104,36,S,Male,Yes,1,1,1,2,50,8,1,99
198,180104,36,U,Female,Yes,1,1,2,NaN,47,7,1,8
199,180104,26,U,Female,No,4,NaN,NaN,NaN,99,99,99,99
200,180104,36,S,Male,Yes,4,8,3,4,43,6,2,4
201,180104,34,S,Male,Yes,1,1,3,1,75,3,3,2
202,180104,50,R,Female,Yes,2,2,3,3,82,6,3,5
203,180105,9,S,Female,Yes,1,2,1,3,50,6,1,5
206,180104,36,S,Male,Yes,1,1,1,NaN,60,6,1,7
208,180104,37,S,Female,Yes,4,1,1,4,47,6,2,9
209,180104,54,S,Male,Yes,1,1,1,2,66,99,3,3
210,180107,36,U,Male,Yes,4,2,2,2,68,6,3,4
211,180104,37,U,Male,Yes,2,3,2,NaN,74,8,3,7
212,180107,25,S,Female,No,1,2,NaN,NaN,70,3,3,99
213,180104,34,U,Female,Yes,1,2,2,2,73,4,3,6
214,180104,12,S,Female,Yes,3,3,1,NaN,69,5,3,99
215,180104,36,S,Female,No,4,NaN,NaN,NaN,84,5,3,5
216,180104,42,S,Male,No,5,1,NaN,NaN,75,3,5,9
217,180104,39,S,Female,Yes,1,1,2,NaN,80,4,3,3
218,180104,18,U,Female,Yes,4,5,1,1,45,6,1,7
219,180104,42,S,Male,Yes,2,1,1,2,54,6,1,7
221,180104,24,S,Female,Yes,2,1,1,2,78,7,3,5
223,180104,36,S,Male,Yes,3,3,1,2,33,4,2,6
225,180104,36,U,Female,Yes,2,2,1,4,40,8,1,8
226,180104,36,S,Male,Yes,2,NaN,3,NaN,60,6,3,8
227,180104,36,S,Female,Yes,2,1,1,1,40,8,1,9
228,180104,42,S,Female,Yes,2,4,2,3,53,3,6,4
229,180104,26,U,Male,No,1,4,4,NaN,68,5,3,6
230,180104,26,S,Male,No,9,NaN,NaN,NaN,99,3,4,99
232,180104,51,S,Male,Yes,6,6,6,NaN,99,99,98,99
233,180104,24,U,Female,Yes,1,1,1,NaN,99,6,1,7
234,180104,21,R,Female,Yes,1,1,1,2,23,3,4,2
235,180104,29,R,Female,No,1,4,4,NaN,78,2,3,2
236,180104,19,S,Male,No,3,1,NaN,NaN,63,6,3,7
238,180104,48,U,Female,No,2,NaN,NaN,NaN,62,3,3,99
239,180104,48,R,Male,Yes,2,2,2,NaN,60,6,5,7
240,180104,1,S,Female,No,1,1,NaN,NaN,82,3,4,3
241,180104,1,S,Female,No,3,NaN,NaN,NaN,71,1,6,3
242,180104,19,S,Female,Yes,2,2,3,NaN,77,5,3,99
243,180104,18,U,Female,Yes,3,1,4,1,37,1,2,3
244,180104,27,R,Female,Yes,1,6,1,NaN,88,3,3,98
245,180104,29,S,Male,Yes,1,5,1,3,62,7,1,9
247,180104,29,U,Female,Yes,1,1,1,2,65,6,3,7
248,180104,19,S,Male,Yes,3,3,3,4,57,6,1,99
249,180104,1,S,Female,Yes,1,1,1,4,55,7,3,4
250,180104,1,R,Male,Yes,1,1,2,3,70,8,3,7
252,180104,27,S,Female,Yes,1,3,1,3,77,6,3,6
253,180104,19,R,Male,No,2,4,NaN,NaN,84,6,3,2
254,180104,47,R,Male,Yes,1,1,4,NaN,61,4,1,5
255,180104,22,S,Female,No,6,6,NaN,NaN,66,4,6,1
256,180104,48,S,Male,Yes,1,2,2,NaN,77,3,3,5
257,180104,5,R,Female,Yes,1,1,2,NaN,61,7,3,99
258,180104,36,U,Male,Yes,4,2,2,4,34,7,1,1
259,180104,36,S,Female,No,1,2,NaN,NaN,73,5,3,5
260,180104,33,R,Female,Yes,2,1,2,2,28,3,4,98
261,180104,24,S,Female,Yes,1,1,1,4,40,5,1,9
262,180104,36,S,Female,Yes,1,1,1,3,38,4,1,2
264,180104,12,S,Male,Yes,2,1,3,NaN,54,3,1,8
265,180104,34,S,Male,Yes,2,3,3,NaN,48,6,1,6
266,180104,34,S,Female,No,1,1,NaN,NaN,66,1,3,3
267,180104,36,U,Female,No,3,NaN,NaN,NaN,73,2,4,1
269,180104,48,R,Female,No,2,3,NaN,NaN,77,3,3,98
270,180104,37,S,Female,Yes,4,4,2,4,55,6,1,9
271,180104,13,S,Female,Yes,2,1,1,2,48,3,5,9
272,180104,12,S,Female,Yes,2,3,3,4,81,2,3,99
273,180104,51,S,Male,Yes,1,1,1,1,51,8,1,9
274,180104,42,U,Male,Yes,1,2,1,NaN,99,5,1,9
276,180104,37,S,Female,Yes,2,1,1,4,43,6,2,8
277,180104,47,S,Female,Yes,2,2,2,NaN,60,4,1,7
278,180104,25,S,Male,No,1,NaN,NaN,NaN,92,8,3,5
279,180104,27,U,Female,Yes,1,1,1,3,66,6,2,5
280,180104,30,R,Female,Yes,3,1,2,3,29,3,1,2
281,180104,8,U,Male,Yes,2,1,1,2,99,6,1,8
282,180104,15,S,Female,Yes,3,1,1,4,66,7,3,9
283,180104,15,R,Male,Yes,1,1,1,NaN,78,4,3,6
284,180104,35,U,Female,Yes,2,3,3,2,75,3,3,4
285,180104,35,R,Female,Yes,2,1,1,3,47,8,2,4
286,180104,35,U,Female,Yes,2,1,1,2,30,4,1,8
287,180104,6,S,Female,Yes,1,1,1,2,48,7,1,7
288,180104,6,S,Female,Yes,1,4,2,4,55,5,3,2
289,180104,41,S,Female,No,2,NaN,NaN,NaN,90,7,3,3
290,180105,36,S,Male,Yes,1,1,1,NaN,77,4,3,7
291,180105,12,U,Male,Yes,4,4,4,NaN,84,4,3,99
292,180105,13,R,Male,Yes,1,3,2,3,67,7,3,7
293,180105,37,S,Male,No,1,NaN,NaN,NaN,42,3,1,1
294,180105,26,S,Male,Yes,2,2,4,NaN,88,3,5,4
295,180105,37,S,Female,Yes,1,1,2,NaN,68,7,3,9
296,180105,21,R,Female,No,2,NaN,NaN,NaN,70,1,4,98
297,180105,18,S,Male,Yes,4,4,2,4,60,6,1,99
298,180105,13,R,Female,No,4,NaN,NaN,NaN,79,5,3,1
299,180105,36,U,Female,Yes,3,3,2,4,60,3,3,7
300,180105,39,S,Female,Yes,4,4,4,4,62,8,3,8
301,180105,37,U,Female,Yes,1,1,1,3,62,5,1,2
302,180105,39,U,Female,No,1,1,NaN,3,83,2,3,2
303,180105,12,S,Female,Yes,4,2,1,4,57,4,1,2
304,180105,42,R,Female,No,6,NaN,NaN,NaN,25,3,4,3
305,180105,12,U,Female,Yes,1,4,2,NaN,70,3,3,3
307,180105,36,S,Male,Yes,2,1,5,4,62,4,5,9
308,180105,42,R,Male,No,6,NaN,NaN,NaN,48,1,2,3
309,180110,12,U,Male,Yes,4,4,3,4,97,99,99,99
310,180105,54,R,Female,Yes,4,4,4,NaN,63,5,3,6
311,180105,11,U,Female,Yes,2,4,4,NaN,76,7,3,7
312,180105,13,S,Female,Yes,1,1,1,4,99,7,3,99
313,180105,37,U,Male,Yes,1,1,1,1,50,8,1,5
315,180105,12,S,Female,Yes,4,1,1,4,56,6,1,7
317,180105,34,U,Female,No,1,4,NaN,NaN,59,4,6,3
319,180105,25,U,Female,No,1,1,NaN,NaN,60,3,1,99
320,180105,37,R,Male,Yes,1,1,3,NaN,20,3,4,2
322,180105,36,S,Female,Yes,2,4,3,2,37,3,4,3
323,180105,45,S,Male,Yes,1,1,1,4,63,6,2,8
324,180105,34,S,Male,Yes,1,2,1,NaN,62,4,3,7
325,180105,34,S,Female,Yes,4,3,2,NaN,45,6,4,8
327,180105,51,R,Male,Yes,3,3,3,3,58,3,1,6
328,180105,12,S,Male,Yes,4,1,1,3,46,3,4,6
329,180105,36,U,Male,Yes,3,1,2,1,22,3,4,4
330,180105,12,R,Male,Yes,1,NaN,3,3,46,3,1,3
331,180105,39,S,Female,Yes,2,2,3,3,64,8,3,99
332,180105,12,S,Male,Yes,2,1,1,3,80,7,3,8
333,180105,37,U,Female,Yes,1,NaN,3,NaN,70,3,3,99
335,180105,17,S,Male,Yes,1,1,1,4,74,7,5,9
337,180105,17,U,Female,No,5,NaN,NaN,NaN,68,5,3,9
338,180105,17,S,Female,Yes,4,1,1,3,54,3,2,4
339,180105,13,U,Female,Yes,4,1,1,4,22,4,7,9
340,180105,51,S,Female,Yes,1,1,1,1,67,3,3,7
341,180105,13,R,Male,Yes,1,1,1,1,62,6,1,5
342,180105,42,S,Female,Yes,3,2,3,2,66,3,1,6
343,180105,26,R,Male,No,1,NaN,NaN,NaN,74,3,3,3
344,180105,51,R,Male,No,3,NaN,NaN,NaN,73,3,3,99
345,180105,47,S,Female,Yes,2,4,1,4,68,4,3,6
346,180109,5,S,Male,Yes,2,2,2,4,69,5,3,7
347,180105,17,U,Female,No,4,NaN,NaN,NaN,99,3,4,99
349,180105,48,S,Male,Yes,1,2,1,NaN,73,5,3,6
350,180105,19,S,Male,Yes,2,1,1,4,61,7,1,9
351,180105,48,R,Male,Yes,4,4,4,4,29,2,1,4
353,180105,47,R,Male,No,4,4,NaN,NaN,54,2,1,4
354,180105,20,S,Male,Yes,1,1,1,3,78,3,3,8
356,180105,29,S,Female,Yes,1,2,2,NaN,80,6,3,6
357,180105,55,R,Female,Yes,1,4,4,NaN,72,3,3,1
358,180105,8,R,Female,Yes,4,2,2,NaN,65,3,3,3
359,180105,4,S,Female,Yes,2,2,2,NaN,80,6,3,7
360,180105,8,U,Male,Yes,1,1,3,4,71,6,3,8
361,180105,16,S,Male,Yes,4,3,3,3,52,6,1,8
362,180105,6,S,Female,Yes,2,1,1,3,66,4,3,7
365,180105,6,R,Female,Yes,2,3,3,3,71,6,3,5
366,180105,6,U,Male,Yes,2,4,2,NaN,46,7,1,9
367,180105,6,S,Female,No,2,NaN,NaN,NaN,93,3,3,3
368,180105,32,U,Male,Yes,1,NaN,1,NaN,55,6,3,9
369,180105,6,S,Male,Yes,1,2,2,NaN,67,8,3,2
370,180105,6,R,Female,Yes,4,4,3,4,66,3,3,3
371,180105,6,S,Male,Yes,2,4,4,NaN,68,6,3,99
372,180105,53,U,Female,Yes,1,2,1,2,83,4,3,3
374,180105,32,U,Male,Yes,4,4,4,NaN,19,3,1,98
375,180105,6,U,Male,Yes,2,2,2,NaN,70,6,3,9
376,180105,32,U,Male,Yes,4,4,2,NaN,75,2,3,8
378,180106,6,S,Male,Yes,4,NaN,1,2,70,6,3,99
379,180106,42,U,Female,Yes,1,1,1,2,58,2,1,98
381,180106,42,S,Female,Yes,1,1,6,3,67,4,6,2
382,180106,24,S,Male,Yes,2,1,1,2,43,4,1,99
383,180106,47,U,Male,Yes,1,NaN,1,NaN,75,7,3,5
384,180109,48,R,Female,No,4,4,NaN,NaN,58,1,4,1
385,180106,48,S,Male,No,2,2,NaN,NaN,81,3,3,2
386,180106,1,S,Male,Yes,3,1,1,NaN,79,3,1,9
387,180106,17,R,Male,No,3,3,NaN,NaN,82,5,3,99
388,180106,17,S,Male,No,4,NaN,NaN,NaN,75,1,3,98
389,180106,48,S,Female,Yes,3,3,3,3,52,4,4,3
390,180106,2,R,Male,No,3,NaN,NaN,NaN,56,2,1,99
391,180106,34,S,Male,Yes,3,4,1,NaN,63,6,3,99
392,180106,6,U,Female,Yes,3,3,2,3,99,4,1,7
393,180106,6,S,Female,Yes,2,3,2,NaN,66,5,3,6
394,180106,6,S,Female,Yes,2,1,1,2,70,5,3,2
395,180106,6,U,Female,No,1,NaN,NaN,NaN,89,1,3,98
396,180106,53,U,Male,No,1,NaN,NaN,NaN,55,2,1,2
397,180106,2,R,Male,Yes,4,1,1,NaN,62,6,1,6
398,180106,2,U,Female,Yes,2,2,1,3,69,6,3,99
399,180106,20,S,Female,Yes,2,4,2,4,51,4,4,1
401,180106,55,U,Female,Yes,1,1,1,1,81,6,3,6
402,180106,6,U,Female,Yes,3,2,1,3,30,3,1,4
404,180106,18,S,Female,Yes,3,2,3,NaN,88,4,3,7
405,180106,48,U,Female,Yes,4,4,4,NaN,68,5,1,6
406,180106,6,U,Female,Yes,1,2,2,NaN,49,5,1,6
407,180106,15,U,Female,Yes,1,2,1,NaN,79,3,3,6
408,180106,4,U,Male,Yes,3,3,3,NaN,70,7,3,3
410,180106,48,U,Female,No,1,NaN,NaN,NaN,58,3,4,1
411,180110,26,S,Female,No,2,2,NaN,NaN,87,3,3,8
416,180107,26,S,Female,Yes,1,4,3,NaN,88,4,3,99
417,180107,13,U,Female,Yes,3,1,1,4,18,3,4,1
419,180107,34,S,Female,Yes,1,3,4,NaN,65,3,3,3
420,180107,26,S,Female,Yes,3,1,5,3,64,8,1,8
421,180107,39,S,Female,Yes,3,1,3,NaN,69,3,1,6
422,180107,36,R,Female,Yes,5,1,5,3,65,6,1,99
423,180107,45,S,Male,Yes,1,2,2,2,65,99,6,99
424,180107,45,S,Male,No,4,4,4,NaN,79,2,3,98
425,180107,39,S,Male,Yes,5,5,5,3,48,5,5,7
426,180107,13,S,Male,Yes,4,3,3,3,46,4,2,6
427,180107,50,R,Male,Yes,3,2,2,NaN,99,99,99,99
428,180107,36,U,Male,Yes,3,1,2,4,37,3,1,6
429,180107,13,U,Male,Yes,2,2,2,3,80,3,2,2
430,180107,36,U,Female,Yes,1,1,5,3,62,6,1,5
431,180107,39,S,Female,Yes,4,3,2,3,62,3,3,99
432,180107,12,S,Male,Yes,4,6,4,NaN,80,3,3,99
433,180107,21,S,Male,Yes,5,3,3,NaN,63,6,5,6
434,180107,42,S,Male,Yes,2,4,4,NaN,80,8,3,4
435,180107,1,S,Male,No,2,NaN,NaN,NaN,69,4,3,7
436,180107,12,S,Male,No,4,4,4,4,99,99,3,99
437,180107,17,S,Female,Yes,3,3,2,NaN,68,6,3,9
439,180107,25,U,Female,No,1,1,4,NaN,67,3,3,1
440,180107,13,S,Male,Yes,2,2,2,NaN,61,6,1,9
441,180107,20,S,Female,Yes,2,NaN,4,4,59,3,1,2
442,180107,17,S,Female,Yes,1,4,3,NaN,84,6,3,3
443,180107,24,S,Female,Yes,2,NaN,3,NaN,40,4,4,1
444,180107,17,S,Female,Yes,2,1,1,4,51,6,1,9
445,180107,36,S,Male,Yes,1,1,1,NaN,54,6,1,9
446,180107,24,S,Male,Yes,1,1,1,NaN,64,6,1,7
447,180107,24,S,Male,Yes,2,2,3,NaN,50,3,1,7
448,180107,20,U,Female,Yes,1,1,1,2,70,6,3,6
449,180107,2,S,Male,No,1,1,NaN,NaN,89,6,3,99
450,180107,20,R,Female,No,4,4,NaN,NaN,64,4,3,1
451,180107,48,S,Female,Yes,2,3,3,NaN,51,7,2,4
452,180107,45,S,Male,Yes,4,2,1,NaN,37,6,4,8
454,180107,6,R,Female,Yes,1,4,4,1,59,3,2,1
455,180107,6,U,Female,Yes,2,1,1,3,60,8,3,99
457,180107,6,U,Male,Yes,2,1,1,2,54,6,1,8
458,180108,34,S,Female,No,1,1,NaN,NaN,73,2,3,98
459,180108,36,R,Male,Yes,4,4,3,NaN,69,3,3,3
460,180108,12,S,Male,Yes,1,3,2,NaN,69,5,3,8
463,180108,34,S,Male,Yes,3,3,3,3,47,4,1,5
464,180108,13,S,Female,Yes,2,4,3,4,68,6,3,99
465,180108,24,U,Female,Yes,1,3,3,NaN,61,3,1,98
466,180108,26,U,Female,Yes,2,4,1,2,62,7,1,99
467,180108,39,S,Female,No,1,NaN,NaN,NaN,65,4,3,98
468,180108,34,S,Male,Yes,1,2,1,3,57,8,1,8
469,180108,50,R,Female,Yes,2,4,2,4,25,3,2,5
470,180108,42,S,Male,Yes,6,1,1,2,25,6,2,3
471,180108,37,R,Male,No,4,2,NaN,NaN,82,5,3,99
472,180108,21,S,Male,Yes,2,2,2,3,53,8,2,9
473,180108,51,S,Female,Yes,2,2,1,3,52,6,2,9
475,180108,51,S,Male,Yes,2,2,2,NaN,58,6,1,8
477,180108,31,U,Female,Yes,1,NaN,3,NaN,70,3,3,99
478,180108,48,S,Female,Yes,1,1,3,NaN,69,6,3,7
479,180108,5,R,Female,Yes,2,2,1,2,35,4,2,3
480,180108,27,R,Female,No,1,NaN,NaN,NaN,80,3,3,6
481,180108,26,S,Male,Yes,4,3,3,NaN,66,7,1,99
482,180108,22,U,Female,Yes,1,3,3,4,57,2,1,3
483,180108,48,U,Male,Yes,1,2,2,NaN,76,4,3,6
485,180108,39,S,Female,No,4,2,NaN,4,81,3,3,2
486,180108,31,U,Male,Yes,3,4,4,NaN,99,99,99,99
487,180108,27,U,Female,No,4,NaN,NaN,NaN,58,6,1,9
488,180108,18,S,Female,Yes,1,1,1,3,67,3,3,7
489,180108,48,U,Male,Yes,1,1,5,2,84,6,3,8
490,180108,40,S,Female,No,1,NaN,NaN,NaN,80,3,3,2
491,180108,41,S,Female,Yes,2,3,3,3,66,2,3,2
493,180108,41,U,Female,Yes,1,2,1,2,69,6,3,5
494,180108,8,S,Female,No,1,2,NaN,NaN,92,3,3,3
495,180109,42,S,Female,Yes,1,2,1,4,84,99,99,99
496,180109,36,U,Male,No,1,NaN,NaN,NaN,74,6,3,7
497,180109,42,R,Male,No,3,4,NaN,NaN,73,3,3,99
498,180109,39,S,Female,No,1,2,NaN,NaN,75,3,3,99
501,180109,37,S,Male,No,1,NaN,NaN,NaN,64,2,3,99
505,180109,36,R,Female,Yes,3,1,1,2,43,5,1,8
506,180109,37,U,Female,Yes,1,2,3,4,76,6,3,6
507,180109,37,U,Female,Yes,1,8,3,4,74,5,3,7
508,180109,26,R,Female,Yes,2,4,3,3,62,3,3,5
509,180109,12,U,Female,Yes,5,1,5,1,65,6,2,6
510,180109,51,S,Male,Yes,1,1,1,4,60,5,1,9
511,180109,13,U,Male,Yes,4,4,4,4,66,7,3,8
512,180109,17,U,Female,Yes,2,1,4,3,52,5,2,3
513,180109,55,S,Female,Yes,1,1,1,NaN,69,5,3,99
514,180109,40,R,Female,Yes,2,2,2,3,72,7,3,4
515,180109,47,S,Male,Yes,3,4,2,NaN,69,6,3,9
516,180109,28,S,Male,Yes,2,3,3,4,90,4,3,99
517,180109,17,S,Female,Yes,1,4,2,NaN,70,3,3,4
518,180109,48,R,Female,No,4,NaN,NaN,NaN,65,4,3,98
519,180109,48,U,Male,Yes,1,1,1,NaN,67,6,1,8
520,180109,48,R,Male,Yes,4,2,3,3,52,4,1,8
521,180109,48,U,Male,Yes,1,2,3,NaN,93,4,3,5
522,180109,48,S,Male,Yes,1,3,1,3,57,3,1,99
523,180109,37,S,Female,Yes,1,1,2,NaN,65,4,3,99
524,180109,9,R,Female,Yes,3,3,4,4,53,5,1,5
525,180109,36,S,Male,Yes,1,2,2,NaN,71,6,3,9
529,180109,27,S,Male,Yes,4,4,4,NaN,59,4,3,5
530,180109,18,S,Male,Yes,1,1,2,NaN,65,8,1,99
531,180109,17,R,Male,No,3,3,NaN,NaN,81,3,3,2
532,180109,26,U,Male,Yes,2,1,1,2,52,6,1,8
533,180109,37,U,Male,Yes,4,3,3,NaN,65,8,1,9
534,180109,48,R,Female,Yes,1,2,2,2,73,3,6,3
535,180109,21,S,Female,Yes,1,1,4,NaN,70,6,8,99
536,180109,8,U,Female,Yes,1,2,1,2,71,6,3,9
538,180109,4,S,Female,No,1,NaN,NaN,NaN,89,3,3,2
539,180109,53,S,Female,Yes,1,1,1,2,73,6,3,4
541,180109,6,S,Male,Yes,1,1,1,4,63,6,3,99
542,180109,47,R,Female,No,2,4,NaN,NaN,76,3,3,99
543,180109,1,R,Male,Yes,4,2,3,3,19,4,4,9
544,180109,31,S,Male,Yes,2,NaN,4,4,43,8,1,6
545,180109,17,S,Female,Yes,1,2,2,3,99,7,3,99
546,180109,29,R,Female,Yes,4,3,2,4,99,8,1,8
547,180109,22,S,Male,Yes,2,2,2,2,53,3,1,7
549,180109,22,R,Female,Yes,3,1,1,3,29,2,4,3
550,180109,8,S,Male,Yes,2,1,1,3,60,5,4,6
551,180109,35,U,Male,No,3,4,NaN,NaN,84,8,3,1
552,180109,8,R,Female,Yes,2,3,2,4,35,8,1,5
553,180109,6,R,Female,No,2,2,NaN,NaN,80,7,3,4
554,180109,6,S,Male,Yes,8,4,3,4,41,1,1,8
555,180109,6,U,Male,Yes,3,3,2,NaN,45,1,1,3
556,180109,6,S,Female,No,4,NaN,NaN,NaN,80,1,3,99
557,180110,36,R,Female,No,2,4,NaN,NaN,31,3,4,98
558,180110,13,S,Female,Yes,2,2,2,4,65,3,3,3
560,180110,34,U,Female,No,2,3,NaN,NaN,82,2,3,98
562,180110,36,S,Female,Yes,1,1,1,NaN,42,7,1,9
563,180110,25,R,Male,Yes,1,4,2,NaN,30,3,1,5
564,180110,36,S,Male,Yes,3,3,3,4,53,3,1,6
566,180110,29,U,Female,Yes,3,1,1,3,49,7,1,9
568,180110,17,S,Female,Yes,2,1,1,NaN,66,8,3,99
570,180110,48,U,Female,Yes,1,4,4,NaN,71,4,3,99
571,180110,27,R,Male,No,1,3,NaN,NaN,68,3,3,2
572,180110,27,R,Male,Yes,3,1,1,3,66,6,1,8
573,180110,39,U,Female,Yes,2,2,2,4,58,7,1,8
575,180110,26,S,Female,No,2,4,NaN,NaN,87,4,3,4
576,180110,39,S,Male,Yes,4,4,2,4,67,6,1,8
577,180110,13,U,Female,No,1,2,NaN,NaN,68,6,3,7
578,180110,24,S,Male,Yes,4,1,1,2,34,6,1,8
579,180110,51,S,Male,No,4,NaN,NaN,NaN,60,4,2,98
580,180110,12,U,Male,Yes,4,1,2,4,55,6,2,5
582,180110,37,U,Female,Yes,4,2,4,NaN,39,4,4,99
583,180110,21,R,Male,Yes,4,4,2,4,40,7,1,99
584,180110,36,S,Male,No,4,5,NaN,NaN,71,3,3,98
585,180110,48,U,Male,Yes,1,4,4,NaN,87,7,3,98
586,180110,42,S,Female,Yes,2,1,1,2,39,7,1,8
587,180110,6,S,Male,Yes,1,1,4,4,58,1,6,1
588,180110,6,U,Female,Yes,2,NaN,1,2,99,3,4,98
592,180110,6,S,Female,No,4,4,NaN,NaN,75,2,3,1
595,180110,6,S,Female,Yes,1,4,3,NaN,30,99,99,99
596,180110,6,S,Female,Yes,2,2,1,NaN,63,6,1,9
597,180110,53,S,Female,No,2,NaN,NaN,NaN,81,3,3,99
598,180110,6,U,Female,Yes,1,1,1,1,52,6,1,6
599,180110,55,U,Male,Yes,1,1,1,2,62,6,3,8
600,180110,48,R,Male,No,1,NaN,NaN,NaN,50,5,3,2
602,180110,28,R,Male,Yes,2,4,2,3,59,6,2,8
603,180110,55,S,Male,Yes,4,2,4,4,53,4,5,99
604,180110,17,R,Male,Yes,1,4,4,NaN,46,2,4,6
605,180110,17,S,Male,Yes,2,4,3,NaN,81,6,3,6
606,180110,49,S,Male,Yes,1,3,2,4,67,7,2,6
607,180110,6,U,Female,Yes,1,4,1,3,62,4,1,6
608,180110,6,U,Male,Yes,1,5,1,NaN,90,7,3,9
609,180110,6,S,Female,Yes,5,3,1,1,89,8,5,99
610,180110,6,S,Male,Yes,3,1,1,3,72,8,5,9
611,180110,49,R,Male,Yes,2,3,2,NaN,60,6,1,8
612,180110,6,U,Female,Yes,1,2,2,NaN,56,6,5,8
613,180110,6,S,Male,No,3,8,NaN,NaN,58,3,1,4
614,180110,6,U,Female,Yes,1,2,2,NaN,66,3,1,5
100002,180103,24,S,Male,Yes,3,2,1,NaN,76,6,3,3
100010,180103,18,U,Female,Yes,2,1,2,2,84,4,3,99
100011,180103,36,S,Male,Yes,1,4,1,NaN,75,5,3,9
100012,180103,37,U,Female,Yes,2,1,2,2,30,6,4,6
100013,180103,42,S,Male,Yes,4,4,4,4,40,6,1,8
100014,180103,26,U,Female,Yes,4,1,3,2,19,3,4,1
100015,180103,42,S,Female,Yes,2,3,2,4,38,3,1,3
100016,180103,12,S,Male,Yes,4,4,4,4,60,8,4,4
100019,180103,13,U,Male,Yes,3,1,1,3,30,7,4,7
100023,180103,37,R,Male,Yes,1,5,5,4,63,8,5,8
100024,180103,36,U,Male,No,3,3,NaN,NaN,77,3,3,6
100026,180103,51,S,Male,Yes,1,1,1,3,72,6,1,9
100027,180103,42,S,Male,Yes,2,1,1,2,18,2,2,8
100030,180103,26,S,Male,Yes,5,5,5,1,65,4,5,8
100031,180103,51,S,Male,Yes,2,2,1,NaN,71,8,3,9
100033,180103,12,U,Male,Yes,1,1,1,2,28,7,1,8
100036,180103,45,S,Male,No,4,1,NaN,NaN,63,2,6,2
100038,180103,18, ,Female,Yes,1,1,1,3,99,3,2,2
100039,180103,45, ,Male,No,4,4,NaN,NaN,29,99,4,2
100040,180103,45,S,Female,Yes,3,5,5,2,40,5,1,8
100042,180103,36,U,Male,Yes,1,1,1,2,27,6,1,5
100044,180103,39,U,Female,Yes,2,5,5,3,99,3,1,4
100047,180103,33,R,Male,Yes,4,2,1,NaN,41,7,1,6
100050,180103,13,U,Female,Yes,3,1,1,2,23,7,1,3
100051,180103,13,U,Female,Yes,1,3,3,NaN,66,5,3,3
100052,180103,36,U,Female,Yes,4,1,1,3,62,8,1,9
100053,180103,13,U,Male,Yes,1,1,1,2,70,6,3,8
100055,180104,48,S,Male,Yes,2,2,1,4,36,6,1,7
100056,180104,12,S,Male,Yes,4,1,1,4,36,6,1,1
100057,180103,26,S,Male,Yes,2,1,1,4,23,6,4,9
100061,180108,34, ,Female,Yes,4,2,2,4,38,4,2,4
100062,180103,25,S,Female,Yes,6,2,1,3,40,7,1,8
100063,180103,45,U,Male,Yes,2,5,1,4,27,6,1,7
100067,180103,39,S,Female,Yes,3,1,1,1,35,5,1,5
100068,180103,47,S,Male,Yes,1,1,1,4,36,3,6,1
100071,180103,26,U,Male,Yes,2,1,1,4,21,3,4,2
100072,180103,39,S,Female,Yes,1,2,2,3,49,4,1,7
100073,180103,24,S,Male,Yes,2,2,3,3,46,6,1,9
100074,180103,36,U,Male,Yes,6,1,1,NaN,56,2,1,3
100075,180104,37, ,Male,Yes,1,1,4,NaN,40,99,99,99
100076,180103,12,S,Male,Yes,4,4,2,4,18,3,2,5
100077,180103,26,R,Male,Yes,3,2,4,4,67,7,3,8
100079,180103,54,R,Male,Yes,1,1,1,4,68,3,3,7
100080,180103,34, ,Female,Yes,1,1,1,NaN,50,7,3,8
100081,180103,21,S,Male,Yes,2,3,3,NaN,50,2,5,7
100083,180103,53,U,Male,Yes,2,2,5,3,29,6,4,7
100084,180103,25, ,Female,Yes,2,1,2,2,24,6,1,99
100085,180103,9,U,Female,Yes,4,1,4,3,23,3,1,98
100086,180103,12,U,Male,No,1,4,4,NaN,80,3,3,2
100087,180107,42,U,Female,Yes,2,1,2,NaN,64,4,3,4
100090,180103,39,S,Male,Yes,6,1,1,3,65,7,1,6
100091,180103,36,U,Male,Yes,1,2,2,4,77,3,3,6
100092,180103,18,S,Male,Yes,4,1,1,NaN,55,6,5,1
100095,180103,24,S,Male,Yes,1,2,1,NaN,62,6,1,7
100096,180103,6,U,Male,Yes,2,1,2,2,48,6,3,9
100098,180103,24,S,Female,Yes,4,1,1,2,36,3,1,7
100099,180103,12,S,Male,Yes,4,1,1,1,18,5,4,7
100102,180103,11,U,Female,Yes,1,1,1,1,41,3,1,99
100105,180103,12, ,Female,No,2,1,NaN,NaN,88,6,4,98
100108,180103,25,S,Female,Yes,4,2,1,2,25,6,4,6
100109,180103,24,S,Female,Yes,2,1,1,NaN,56,3,1,98
100111,180103,24, ,Female,Yes,3,4,4,NaN,46,2,4,98
100114,180103,26,S,Male,No,2,2,NaN,NaN,77,5,3,4
100116,180106,48,S,Male,Yes,2,2,3,4,51,7,1,8
100117,180103,36,U,Male,Yes,3,1,1,2,34,6,1,9
100118,180103,12,S,Male,Yes,1,3,2,4,29,2,1,3
100119,180103,37,R,Female,Yes,1,1,1,NaN,64,7,3,7
100120,180103,13,U,Female,Yes,1,1,2,NaN,52,1,2,98
100126,180103,12,S,Female,Yes,1,2,1,2,65,6,1,7
100127,180104,12,U,Female,Yes,1,1,1,3,55,6,2,99
100130,180103,36,S,Female,Yes,1,1,2,3,48,6,1,8
100131,180103,11,U,Female,Yes,4,1,1,1,24,6,1,7
100133,180103,45,U,Male,Yes,3,1,1,3,21,5,1,4
100134,180103,36,U,Female,No,1,1,NaN,NaN,59,1,4,1
100135,180103,42,S,Female,Yes,4,2,1,2,27,5,1,7
100136,180103,51, ,Male,Yes,3,4,4,NaN,75,3,3,8
100137,180103,21,U,Female,Yes,4,1,1,4,56,5,2,3
100138,180103,36,U,Male,No,4,4,NaN,NaN,81,4,2,3
100143,180103,12,R,Male,Yes,1,2,1,2,59,3,4,1
100147,180103,21,R,Male,Yes,3,1,1,3,55,4,4,6
100150,180103,34, ,Male,Yes,4,1,1,2,30,4,2,99
100153,180103,9,S,Female,Yes,2,2,2,2,28,2,4,4
100155,180103,45,U,Male,Yes,1,2,2,NaN,75,3,3,2
100156,180103,51, ,Male,Yes,3,2,2,3,30,4,4,98
100157,180103,34,S,Female,Yes,4,1,2,4,29,7,1,6
100158,180103,39,S,Male,Yes,1,1,1,3,51,6,1,8
100160,180103,13,S,Male,Yes,4,2,4,NaN,44,1,1,8
100165,180103,48,U,Male,Yes,2,1,1,2,50,6,1,99
100166,180103,12,U,Female,Yes,1,1,1,2,35,6,8,3
100167,180103,8,U,Male,Yes,4,1,1,3,28,7,7,98
100169,180103,36,U,Female,Yes,4,1,1,2,22,7,7,98
100170,180103,12,R,Male,Yes,1,3,3,3,51,4,1,7
100172,180103,21,U,Female,Yes,4,1,1,2,38,8,1,6
100173,180103,39,R,Male,Yes,4,4,4,4,20,3,1,5
100174,180103,50,S,Female,Yes,3,2,1,4,66,5,3,6
100175,180103,33,S,Male,Yes,1,1,2,NaN,57,5,1,8
100176,180103,28,R,Male,Yes,1,1,3,4,46,2,1,4
100178,180103,17,S,Male,No,2,2,2,3,22,6,7,1
100179,180103,17,S,Male,Yes,2,4,2,NaN,52,4,1,6
100181,180104,13,S,Male,Yes,3,1,2,3,18,3,4,7
100182,180106,47,R,Male,No,1,1,NaN,NaN,61,3,4,2
100185,180103,22,U,Female,Yes,4,1,1,3,19,4,2,7
100186,180103,48,S,Female,Yes,1,1,1,2,66,8,3,7
100187,180103,19,U,Male,Yes,3,1,2,3,20,4,1,9
100188,180103,22,U,Male,Yes,4,2,1,2,19,3,2,3
100189,180103,27,R,Male,No,2,4,NaN,NaN,82,4,3,99
100190,180103,48,U,Female,Yes,3,1,1,1,19,3,2,98
100192,180103,48,U,Female,No,1,3,6,NaN,58,4,1,4
100194,180103,29,R,Male,Yes,1,2,4,4,27,2,1,7
100196,180103,1,R,Female,Yes,6,1,2,4,52,3,3,2
100199,180103,48,U,Female,Yes,3,1,1,2,28,4,1,4
100202,180103,22,R,Female,Yes,4,3,2,4,36,2,4,4
100203,180103,26,U,Female,Yes,3,1,1,2,31,8,1,99
100204,180103,48,U,Male,Yes,4,2,1,2,51,7,1,8
100205,180103,48,U,Male,Yes,3,2,3,3,46,4,1,5
100206,180103,17,U,Male,Yes,1,1,2,2,48,4,4,1
100208,180103,55,R,Male,No,4,4,NaN,NaN,62,2,1,1
100210,180103,27,S,Female,Yes,3,2,2,NaN,34,4,2,2
100211,180108,29,R,Male,Yes,3,1,1,NaN,63,5,1,8
100214,180103,31,R,Male,No,1,1,NaN,NaN,74,3,3,2
100216,180103,27,S,Female,Yes,1,1,1,2,47,6,1,9
100217,180110,1, ,Female,No,1,1,NaN,NaN,86,1,3,99
100218,180103,5,U,Male,Yes,3,2,3,2,26,6,1,3
100219,180103,17,R,Female,Yes,1,1,2,2,54,4,1,2
100220,180103,48,U,Male,No,4,6,NaN,NaN,55,3,4,1
100221,180103,40,R,Male,Yes,4,3,3,NaN,63,7,3,7
100222,180103,40,U,Male,Yes,2,1,1,4,52,4,1,7
100223,180103,46,R,Female,Yes,1,1,1,3,57,1,1,4
100227,180103,27,R,Female,Yes,3,1,1,2,46,7,1,9
100228,180103,48, ,Male,Yes,1,2,2,2,54,6,1,99
100229,180103,28,U,Female,Yes,4,5,5,4,21,3,2,1
100232,180103,17,S,Male,Yes,2,3,1,NaN,74,4,3,99
100233,180103,26,U,Male,Yes,4,2,2,NaN,29,6,1,4
100234,180103,48,U,Female,Yes,2,1,2,2,66,3,3,5
100235,180103,48,S,Male,Yes,2,1,1,NaN,54,6,1,9
100236,180107,47, ,Male,No,1,2,4,4,55,3,1,99
100238,180103,17,U,Male,Yes,2,1,1,2,22,3,4,2
100239,180103,40,S,Male,No,4,4,NaN,NaN,61,8,3,99
100240,180103,48,U,Male,Yes,4,1,1,4,60,2,3,5
100241,180103,22,R,Female,Yes,1,1,2,2,65,6,3,8
100242,180103,18,S,Female,Yes,1,1,2,NaN,61,7,1,9
100244,180103,17,U,Female,Yes,4,2,4,NaN,43,4,4,1
100246,180106,22, ,Male,No,1,1,NaN,NaN,65,5,3,99
100247,180103,48,R,Female,Yes,1,1,1,3,84,4,3,99
100248,180103,27,S,Female,Yes,1,1,1,2,74,8,3,8
100249,180103,48, ,Male,Yes,2,1,1,4,31,6,1,99
100251,180103,29, ,Male,Yes,4,2,4,NaN,38,4,1,99
100252,180103,27,U,Male,No,4,1,NaN,4,57,2,4,3
100253,180105,55,U,Male,Yes,1,2,2,2,35,3,1,3
100254,180103,40,S,Male,Yes,2,2,2,4,65,3,1,8
100255,180103,48,S,Male,Yes,2,2,2,4,55,5,1,8
100256,180103,48,U,Male,Yes,3,2,2,3,29,3,1,9
100257,180103,48,S,Male,Yes,1,1,2,2,23,5,2,98
100259,180103,28,R,Male,Yes,4,4,4,4,66,8,3,9
100260,180103,55,U,Male,Yes,3,2,3,NaN,50,2,1,3
100261,180103,48,U,Female,Yes,2,1,1,NaN,38,3,4,4
100264,180103,17,S,Male,Yes,4,2,4,4,20,3,2,6
100266,180103,55,U,Male,Yes,2,2,2,NaN,25,6,2,3
100267,180103,48,U,Male,Yes,4,1,1,4,58,7,3,6
100269,180103,47,U,Male,Yes,3,1,1,1,23,6,5,6
100270,180103,11,U,Male,Yes,1,1,1,4,28,6,1,4
100271,180103,51,R,Female,Yes,1,1,1,4,64,8,1,99
100272,180103,21,R,Male,Yes,4,4,4,4,58,5,3,4
100273,180103,12,U,Female,Yes,1,2,1,1,59,7,3,8
100274,180107,36, ,Female,Yes,6,4,4,NaN,21,3,2,99
100276,180103,36,U,Male,Yes,1,1,1,3,26,3,2,9
100277,180103,37, ,Male,No,4,6,NaN,NaN,88,1,3,2
100279,180103,21, ,Male,Yes,1,5,5,4,26,4,1,3
100280,180103,51,U,Male,Yes,4,5,5,2,22,6,2,8
100283,180103,39,U,Male,Yes,2,1,2,2,30,6,1,98
100285,180103,12, ,Male,Yes,3,2,1,NaN,68,8,1,99
100286,180103,8,U,Female,Yes,3,2,2,3,21,4,4,6
100291,180103,4,S,Female,Yes,1,3,3,3,70,3,3,6
100293,180103,21,S,Female,Yes,1,3,1,1,51,3,1,3
100295,180103,37,U,Male,Yes,1,2,4,4,74,5,2,7
100297,180103,42,U,Female,Yes,4,1,1,1,41,6,6,8
100299,180103,25,U,Male,Yes,4,3,4,NaN,50,5,1,6
100300,180103,42,S,Female,Yes,3,2,1,4,47,8,1,9
100301,180103,37,U,Female,Yes,2,1,1,3,38,8,1,7
100302,180103,53,U,Male,Yes,1,1,1,2,33,6,1,9
100303,180103,47,U,Male,Yes,2,1,4,4,28,3,4,2
100304,180103,12,S,Male,Yes,4,1,1,3,60,6,1,9
100305,180109,48,U,Female,No,1,1,NaN,2,68,3,4,98
100306,180103,13,S,Male,Yes,3,2,1,NaN,67,7,3,5
100307,180103,12,U,Female,Yes,1,1,1,4,71,7,3,4
100308,180103,39,S,Male,Yes,1,5,1,2,29,5,1,6
100310,180103,39,R,Male,Yes,6,2,1,3,18,3,2,4
100311,180103,36,S,Male,Yes,3,1,1,1,27,5,2,5
100313,180103,26,R,Male,Yes,4,1,1,3,37,6,1,6
100314,180103,45,U,Male,Yes,1,1,1,NaN,59,7,1,9
100317,180103,1,S,Male,Yes,1,2,2,NaN,49,5,1,9
100319,180103,37,S,Female,Yes,2,1,4,4,28,3,1,98
100320,180110,48,S,Male,No,2,4,NaN,NaN,67,4,3,99
100322,180103,36,S,Male,Yes,4,2,1,4,40,8,1,8
100324,180103,25,S,Male,Yes,1,1,1,1,29,6,1,99
100326,180103,24,U,Male,Yes,3,5,5,4,32,5,1,8
100327,180103,44,S,Female,Yes,2,1,1,4,56,8,1,9
100329,180103,12,U,Male,Yes,4,4,4,NaN,20,3,4,1
100330,180103,26,S,Male,Yes,1,1,1,NaN,30,6,1,9
100331,180103,34,S,Male,Yes,4,3,3,4,21,3,1,9
100333,180103,36,S,Female,Yes,2,1,1,2,65,7,2,5
100336,180103,18,S,Male,Yes,3,1,1,2,20,5,2,9
100337,180103,12,U,Male,Yes,5,5,5,4,39,5,1,7
100338,180105,48,R,Male,Yes,4,1,2,2,24,6,7,7
100339,180103,51, ,Male,Yes,6,1,4,NaN,25,5,4,2
100340,180103,36,S,Female,Yes,2,1,2,3,60,6,1,3
100341,180103,25,S,Female,Yes,3,2,1,1,45,3,4,3
100342,180103,45,U,Female,Yes,4,1,3,3,53,4,2,1
100343,180103,39,R,Female,Yes,4,3,2,4,21,5,2,3
100344,180103,34,S,Female,Yes,3,1,1,1,19,4,2,5
100345,180103,37,S,Male,Yes,3,3,3,3,51,3,1,6
100346,180103,39,S,Male,Yes,1,1,2,3,22,3,2,3
100347,180103,37,U,Female,Yes,3,1,1,3,65,6,2,5
100348,180103,39,S,Male,Yes,3,4,2,4,57,3,1,9
100350,180107,37,U,Male,Yes,4,1,3,3,18,3,4,2
100352,180103,42,S,Male,Yes,2,1,1,4,70,7,3,7
100353,180103,8,S,Female,Yes,2,1,1,2,54,7,2,9
100355,180103,26,R,Male,Yes,5,1,2,4,55,5,1,6
100356,180103,26, ,Male,Yes,4,4,6,NaN,24,3,4,99
100360,180103,48,U,Male,Yes,3,1,1,2,51,5,6,99
100361,180103,40,R,Male,Yes,4,1,1,4,49,2,1,6
100362,180103,22,U,Female,Yes,2,1,3,2,38,3,1,3
100363,180103,22,U,Female,No,1,1,NaN,NaN,67,4,3,1
100365,180103,29,U,Female,Yes,1,1,1,2,56,6,3,8
100366,180103,48,U,Female,Yes,1,1,1,1,30,6,1,99
100368,180103,1, ,Male,Yes,4,1,1,1,38,1,2,2
100370,180103,17,R,Female,Yes,1,1,1,1,32,3,1,5
100372,180103,48,U,Male,Yes,1,1,1,3,41,7,1,9
100373,180103,47,U,Male,Yes,1,1,1,3,41,6,1,9
100374,180103,27,U,Female,Yes,1,1,1,1,27,6,1,4
100375,180103,40,S,Female,Yes,1,1,1,2,75,4,6,2
100376,180103,2,R,Female,No,1,1,NaN,NaN,61,5,4,3
100379,180103,27,S,Female,Yes,2,1,1,1,68,7,2,6
100382,180103,48,S,Female,Yes,1,1,1,2,31,4,2,5
100383,180103,29,U,Female,Yes,1,2,1,2,62,2,3,1
100386,180103,47,U,Male,Yes,1,1,1,4,39,5,1,5
100389,180103,18,S,Male,Yes,1,2,2,3,63,4,3,5
100391,180103,17,U,Female,Yes,1,1,1,1,70,6,3,98
100393,180103,27,U,Male,Yes,1,1,1,2,72,6,3,6
100394,180103,17,S,Male,Yes,1,1,4,NaN,47,4,6,2
100396,180103,40,S,Male,Yes,2,2,2,3,65,6,3,8
100397,180103,17,S,Male,Yes,2,2,1,NaN,60,4,1,7
100399,180103,2,U,Male,Yes,3,1,1,NaN,49,7,1,9
100400,180103,1,U,Female,Yes,1,1,4,4,63,4,3,1
100401,180103,55,U,Male,Yes,4,2,1,4,27,6,1,6
100402,180103,19, ,Male,Yes,1,1,2,4,56,6,2,1
100403,180103,22,U,Male,Yes,2,2,2,4,36,5,5,3
100404,180103,20,S,Male,Yes,1,1,1,1,36,6,1,8
100405,180103,48, ,Male,No,4,4,NaN,NaN,68,4,1,98
100407,180103,28,R,Female,No,1,1,NaN,NaN,76,4,3,3
100408,180103,1,U,Female,No,2,2,4,NaN,81,4,3,1
100409,180103,5, ,Male,No,1,1,1,2,25,1,1,98
100411,180103,22,R,Male,No,3,1,NaN,NaN,50,1,4,1
100412,180103,2,S,Female,Yes,1,1,1,1,42,8,1,9
100414,180103,35,U,Female,Yes,3,1,1,2,21,4,2,9
100416,180103,49,S,Male,Yes,2,2,2,NaN,62,4,3,3
100417,180103,8,U,Male,Yes,1,1,1,3,19,4,1,6
100418,180103,4,U,Male,Yes,2,2,1,3,45,4,2,1
100419,180103,48, ,Male,Yes,1,4,4,4,45,3,1,99
100420,180103,8,S,Male,Yes,1,1,3,3,43,3,1,8
100421,180104,4, ,Male,No,4,3,NaN,NaN,57,1,1,2
100424,180103,16,R,Male,No,1,4,4,NaN,36,3,6,1
100427,180103,16,R,Male,Yes,3,2,4,NaN,51,3,1,4
100430,180103,4,U,Male,Yes,2,3,3,3,64,4,3,3
100431,180103,8,S,Female,Yes,3,2,1,NaN,54,6,1,8
100432,180103,4,U,Female,Yes,1,1,1,1,56,6,3,7
100433,180103,49,R,Female,Yes,4,1,1,3,55,8,2,6
100434,180103,4,U,Male,Yes,3,2,1,4,33,3,1,1
100435,180103,30,R,Female,Yes,6,2,1,3,61,7,2,6
100440,180103,4,S,Male,Yes,2,2,1,NaN,29,4,1,6
100441,180103,49,S,Female,Yes,3,3,4,3,54,5,6,3
100442,180103,6,S,Female,No,4,3,NaN,2,79,6,3,4
100443,180103,6,S,Male,Yes,3,1,2,3,66,6,3,5
100445,180103,6,S,Male,No,1,1,NaN,NaN,84,1,3,99
100446,180103,4,U,Male,No,1,1,1,NaN,46,3,1,3
100447,180103,6,R,Male,No,2,1,NaN,NaN,69,4,3,7
100448,180103,41,S,Female,Yes,2,1,1,3,65,4,3,6
100450,180103,53,S,Male,Yes,3,2,2,3,60,4,1,9
100452,180103,6,S,Male,No,4,2,4,NaN,55,3,1,9
100455,180103,6,U,Male,Yes,3,1,1,2,34,3,1,5
100457,180103,53,U,Male,Yes,2,2,2,2,75,7,2,99
100458,180103,6,S,Male,Yes,2,2,1,4,46,6,1,8
100459,180103,6,U,Female,Yes,1,1,1,4,71,4,3,3
100460,180103,6,U,Female,Yes,4,1,1,1,28,7,4,6
100461,180104,32,S,Male,Yes,6,2,2,NaN,25,3,1,4
100462,180103,6,S,Male,Yes,4,4,4,4,61,4,3,2
100463,180103,6,S,Female,Yes,1,2,1,3,27,6,1,3
100464,180103,6,U,Male,Yes,6,2,6,1,40,4,99,1
100466,180106,6,U,Female,Yes,4,1,1,2,33,6,1,4
100467,180103,6,S,Male,Yes,1,1,1,1,22,4,1,4
100468,180103,6,S,Female,Yes,2,1,1,NaN,20,4,4,5
100469,180103,41,S,Male,Yes,4,4,4,4,23,3,1,99
100470,180103,6,U,Male,Yes,4,3,3,3,31,4,1,9
100471,180103,6, ,Male,Yes,3,1,1,1,18,2,1,6
100472,180103,6, ,Female,No,3,1,6,NaN,46,4,1,1
100473,180103,41,U,Male,Yes,4,4,4,4,66,5,1,4
100474,180103,6,U,Female,Yes,5,5,1,5,54,6,4,6
100475,180103,21,U,Male,Yes,4,2,4,4,40,3,1,4
100476,180103,32,U,Male,Yes,6,1,1,NaN,60,4,5,4
100477,180103,41,S,Male,Yes,3,3,3,3,27,6,1,9
100479,180103,12,S,Male,Yes,6,3,4,NaN,42,6,2,8
100480,180103,6,S,Female,Yes,1,4,4,4,45,2,1,4
100481,180103,6,U,Male,Yes,1,1,1,NaN,34,3,1,3
100482,180103,6,U,Female,Yes,3,1,1,NaN,38,6,4,7
100483,180103,6, ,Male,Yes,1,1,1,2,18,6,2,99
100484,180103,6,S,Female,Yes,1,1,1,2,60,6,3,9
100485,180103,6,S,Male,Yes,2,1,2,3,41,3,1,8
100486,180103,6,U,Female,Yes,2,1,1,NaN,57,3,6,2
100487,180103,6,S,Male,Yes,4,2,2,NaN,47,3,1,4
100489,180103,53,R,Female,Yes,4,1,1,3,33,1,1,1
100490,180103,6,S,Female,Yes,2,8,4,NaN,72,3,3,2
100491,180103,41, ,Female,No,4,2,4,NaN,40,1,4,99
100492,180104,53, ,Female,Yes,2,1,1,2,50,4,1,3
100493,180103,6,S,Female,Yes,4,1,1,3,51,6,1,9
100494,180103,6, ,Female,Yes,4,3,3,4,20,6,1,2
100495,180103,6, ,Male,No,4,4,2,4,45,98,1,2
100496,180103,6,U,Female,Yes,3,1,2,3,40,3,2,3
100497,180103,41,R,Female,Yes,1,1,1,2,39,5,1,8
100498,180103,6,U,Male,Yes,2,3,2,3,52,4,3,99
100500,180103,53, ,Female,Yes,2,1,1,1,29,5,2,7
100502,180103,6,S,Male,Yes,4,1,1,3,63,7,1,99
100503,180103,6,U,Male,Yes,6,1,1,4,67,5,3,6
100504,180103,6,U,Female,Yes,3,1,1,3,47,6,1,8
100505,180103,6,U,Male,Yes,2,1,1,4,29,5,1,3
100506,180103,6,U,Female,Yes,2,1,5,1,45,6,1,3
100507,180103,6,S,Female,Yes,4,2,2,2,55,4,2,3
100508,180103,53,U,Female,Yes,4,1,2,2,20,4,4,2
100509,180103,41,S,Female,Yes,3,2,2,2,31,6,2,99
100513,180103,6,S,Male,Yes,4,2,2,3,18,4,1,5
100515,180103,53,S,Female,Yes,3,3,4,NaN,69,7,3,5
100517,180103,53,U,Female,Yes,4,1,1,3,29,7,1,6
100519,180103,6,S,Female,Yes,1,1,1,NaN,39,2,4,1
100521,180103,46,S,Male,Yes,1,1,1,3,38,3,1,6
100523,180103,53,U,Female,Yes,2,1,1,2,53,3,1,1
100524,180103,6,U,Female,Yes,1,1,1,1,40,1,4,1
100529,180103,53,S,Female,Yes,4,1,1,2,19,2,2,1
100533,180103,6,S,Male,Yes,4,2,1,2,21,4,2,99
100534,180103,6,S,Female,Yes,2,2,3,4,34,5,6,6
100535,180103,41, ,Female,Yes,6,1,1,NaN,99,5,1,3
100536,180103,6,U,Male,Yes,2,1,1,1,57,6,1,99
100538,180103,48,U,Female,Yes,1,1,1,1,26,3,4,2
100541,180103,48,U,Male,Yes,2,1,2,2,64,4,1,5
100542,180103,41,R,Male,Yes,4,3,2,3,23,4,1,4
100544,180103,6,S,Female,Yes,1,1,2,2,50,5,3,1
100545,180104,6,U,Male,Yes,4,1,1,NaN,42,7,7,4
100547,180104,6,U,Male,Yes,3,1,1,4,68,7,3,1
100548,180103,41,U,Female,Yes,2,2,1,3,34,3,1,8
100549,180103,53,U,Male,Yes,4,4,2,3,46,5,2,1
100551,180103,53,S,Male,Yes,3,1,1,2,97,7,1,9
100552,180103,53,U,Male,Yes,2,1,1,2,40,6,1,8
100554,180104,6,U,Female,Yes,4,1,1,3,59,8,1,8
100556,180104,6,S,Male,Yes,3,2,2,3,25,6,1,7
100557,180104,6,S,Female,Yes,3,1,1,1,47,5,2,5
100558,180107,48,U,Female,Yes,2,5,1,3,47,7,1,9
100559,180104,42,U,Female,No,1,3,4,NaN,74,2,3,2
100562,180104,44,S,Female,Yes,1,6,1,4,64,6,3,3
100565,180104,37,R,Male,Yes,4,1,1,NaN,31,7,1,9
100568,180104,36,S,Female,Yes,5,5,5,2,53,6,1,99
100569,180104,9,S,Male,Yes,3,1,1,3,62,4,1,9
100570,180104,37,U,Female,Yes,2,1,1,4,61,6,1,99
100571,180104,21,U,Female,Yes,4,1,1,2,41,6,2,5
100574,180104,24,S,Female,Yes,3,1,1,2,42,6,2,8
100575,180104,39,U,Female,Yes,1,1,1,2,38,2,4,1
100576,180104,45,R,Male,Yes,1,1,1,2,68,8,3,7
100577,180104,42,R,Female,Yes,2,1,1,2,57,7,2,99
100580,180104,51,S,Male,Yes,2,1,1,3,38,3,1,8
100582,180104,47,R,Male,Yes,1,2,1,NaN,67,7,3,7
100583,180104,39,U,Female,Yes,2,1,1,1,47,6,1,5
100584,180104,26,S,Male,Yes,6,2,6,3,28,3,1,6
100588,180104,13,S,Female,Yes,1,1,2,2,66,3,3,6
100590,180106,37, ,Female,Yes,1,1,1,1,26,6,1,1
100595,180104,42,S,Female,Yes,1,1,1,3,60,7,2,4
100596,180104,10,R,Male,No,2,2,4,NaN,77,3,3,2
100598,180104,12,S,Male,Yes,2,1,1,4,20,6,8,1
100599,180104,51, ,Male,Yes,2,1,4,2,37,2,1,3
100600,180107,12,S,Male,No,1,1,NaN,NaN,38,3,4,2
100602,180104,24,R,Male,No,4,4,4,NaN,56,4,3,99
100604,180107,37,S,Female,Yes,1,1,1,NaN,66,8,1,7
100605,180104,51,S,Female,Yes,4,1,1,3,36,8,1,8
100606,180104,13,S,Male,Yes,2,1,2,NaN,60,3,1,5
100607,180104,36,S,Male,Yes,4,4,4,4,20,6,4,9
100608,180104,36,U,Male,Yes,3,4,3,NaN,53,3,4,1
100609,180104,32,S,Male,Yes,3,1,1,3,46,4,1,6
100610,180104,36,U,Male,Yes,4,1,4,NaN,53,3,5,2
100611,180104,10,R,Male,Yes,1,2,2,NaN,74,8,1,7
100612,180104,6,R,Male,Yes,2,4,4,4,32,3,4,98
100613,180104,37,R,Male,Yes,2,1,1,NaN,74,7,5,8
100614,180104,25,S,Male,Yes,4,1,1,NaN,50,3,1,6
100615,180104,37,R,Male,Yes,1,1,6,NaN,51,3,5,1
100616,180104,39, ,Male,Yes,4,1,3,4,35,8,1,8
100619,180104,34,U,Male,Yes,1,1,1,3,31,5,1,6
100624,180104,42,U,Female,Yes,4,2,2,4,47,8,2,9
100625,180104,25,S,Female,Yes,2,1,1,3,44,6,1,9
100626,180104,12,S,Female,Yes,1,2,1,3,58,5,2,6
100630,180104,12,S,Female,Yes,1,1,1,2,62,3,3,2
100633,180104,36, ,Female,Yes,4,4,4,4,30,4,1,2
100635,180104,51,U,Male,Yes,2,1,1,2,65,6,3,99
100636,180104,36,U,Female,Yes,6,4,1,4,22,4,2,1
100637,180104,13, ,Female,Yes,3,2,4,4,18,6,1,99
100640,180104,45,U,Male,Yes,2,1,1,2,42,6,1,8
100642,180104,54, ,Male,No,1,5,NaN,1,65,6,1,99
100643,180104,9,S,Male,Yes,2,2,2,3,45,8,1,9
100644,180104,39,S,Male,Yes,1,1,1,1,24,6,2,99
100646,180104,37,U,Female,Yes,1,1,1,1,46,6,1,6
100648,180104,39,S,Male,Yes,4,4,4,4,46,8,1,9
100649,180104,12,S,Male,Yes,3,3,2,NaN,74,6,3,99
100651,180104,36,U,Male,Yes,1,1,1,2,74,7,2,9
100652,180104,18,R,Male,Yes,4,4,4,NaN,29,4,1,8
100654,180104,11,U,Male,Yes,1,1,3,3,51,3,1,3
100655,180104,36,U,Male,Yes,4,3,5,2,30,8,1,7
100656,180104,13,S,Male,Yes,1,2,2,3,35,6,1,9
100657,180104,12,U,Female,Yes,1,2,2,3,81,3,4,4
100659,180104,26,U,Female,Yes,1,1,1,3,37,4,1,3
100661,180104,51,R,Male,Yes,4,1,1,3,70,8,3,8
100663,180104,6,U,Female,Yes,4,1,1,3,40,6,2,9
100664,180104,39,S,Female,Yes,3,1,2,2,30,2,1,2
100665,180104,12,U,Male,Yes,3,1,1,1,23,5,1,5
100667,180104,39,S,Female,Yes,1,1,1,3,59,6,1,9
100674,180104,42,S,Male,Yes,2,2,4,NaN,66,3,3,7
100675,180104,13,R,Male,No,4,4,NaN,NaN,71,1,4,1
100677,180104,36,U,Female,Yes,4,1,4,4,49,2,4,1
100678,180104,13,R,Male,No,1,1,NaN,NaN,75,2,1,3
100681,180104,39, ,Male,Yes,4,2,4,NaN,55,4,4,99
100682,180104,21,S,Male,Yes,3,2,2,3,65,7,3,6
100683,180104,12,S,Male,Yes,6,1,1,3,29,8,1,3
100684,180104,36, ,Female,Yes,3,1,1,1,28,7,1,6
100687,180104,17,U,Male,Yes,3,2,1,3,30,6,1,3
100689,180104,42,R,Female,Yes,1,1,2,3,68,4,3,6
100690,180104,26,R,Female,Yes,4,2,3,3,62,4,5,4
100696,180104,36,S,Male,Yes,2,1,2,4,40,5,1,8
100697,180104,13,S,Female,Yes,4,2,1,4,24,6,1,4
100698,180106,13,S,Male,Yes,4,4,3,4,60,5,6,1
100699,180104,25,S,Female,Yes,4,1,1,1,68,8,3,7
100700,180104,24,S,Female,Yes,2,2,1,NaN,54,6,3,99
100701,180104,42,S,Female,Yes,3,1,1,3,27,5,1,7
100704,180104,39, ,Male,Yes,1,2,2,2,35,8,5,99
100705,180104,50,R,Male,Yes,4,4,2,NaN,38,3,1,8
100709,180104,36,S,Male,Yes,4,2,2,4,24,6,4,99
100711,180104,36,U,Male,Yes,3,2,1,2,32,6,1,99
100712,180104,13,R,Male,Yes,2,1,1,4,44,5,1,6
100713,180104,24,S,Male,Yes,1,5,1,1,65,5,1,9
100716,180105,41,R,Male,Yes,4,2,4,2,18,3,2,2
100717,180104,26,U,Male,Yes,3,2,3,4,49,5,4,2
100718,180104,36,U,Female,Yes,4,1,1,2,37,6,5,4
100719,180104,21,U,Male,Yes,1,2,1,NaN,41,6,1,8
100721,180104,15,R,Female,No,1,3,NaN,NaN,74,3,4,98
100722,180104,45,S,Male,Yes,2,3,2,4,34,4,4,2
100723,180104,47,U,Female,Yes,3,2,4,NaN,25,3,4,1
100724,180104,12,S,Female,Yes,3,2,3,3,54,3,1,2
100725,180104,12,U,Female,Yes,1,1,1,1,57,6,1,7
100726,180104,39,U,Female,Yes,2,2,2,3,41,4,1,4
100727,180104,42,R,Male,Yes,1,1,1,1,59,5,8,5
100729,180104,45,S,Male,Yes,2,3,4,NaN,71,6,3,8
100730,180104,51,U,Female,Yes,3,2,3,3,47,6,1,99
100733,180104,26,R,Female,Yes,4,4,4,4,62,6,1,6
100736,180104,42,U,Male,Yes,3,1,1,2,24,7,1,8
100737,180104,36,S,Male,Yes,2,4,4,NaN,59,3,3,8
100739,180104,42,S,Female,Yes,3,1,1,2,52,6,1,5
100740,180104,39,U,Male,Yes,4,3,2,NaN,21,3,2,9
100742,180104,37,U,Female,Yes,4,1,1,8,45,7,5,7
100747,180104,12, ,Female,No,4,4,NaN,NaN,75,6,3,98
100748,180104,13,S,Female,Yes,1,2,2,3,67,99,3,99
100751,180104,21,R,Female,Yes,4,2,3,4,66,2,3,1
100753,180104,34,S,Female,Yes,4,2,2,2,27,5,1,2
100754,180104,11,U,Female,Yes,3,1,1,4,73,3,2,99
100757,180104,48,S,Male,Yes,4,2,2,4,25,6,1,9
100758,180104,45,R,Male,Yes,2,3,2,4,65,8,3,6
100759,180104,36,S,Male,Yes,2,2,2,NaN,48,5,1,8
100760,180104,29,U,Female,Yes,1,1,1,1,31,6,1,8
100764,180104,36, ,Male,Yes,1,1,1,2,27,3,4,2
100765,180104,36,S,Male,Yes,2,1,1,3,46,6,1,9
100767,180104,44,U,Male,Yes,2,2,1,2,51,5,1,7
100769,180104,36,U,Female,Yes,1,5,5,4,53,3,1,4
100772,180104,13,S,Male,Yes,2,1,1,3,41,3,2,8
100773,180104,25,S,Male,Yes,2,3,1,2,24,3,2,3
100775,180104,36,U,Male,Yes,4,4,3,NaN,28,6,2,98
100776,180104,47,U,Female,Yes,2,1,1,1,41,3,1,5
100777,180104,36, ,Female,Yes,2,1,2,3,67,4,1,9
100778,180104,12,R,Male,No,2,3,NaN,NaN,58,3,1,6
100779,180104,54,U,Female,Yes,2,1,1,2,21,4,4,7
100780,180104,34,S,Male,Yes,1,1,1,3,21,4,2,8
100781,180104,34,U,Male,No,1,1,1,NaN,70,5,2,3
100782,180106,36,U,Female,No,2,2,1,2,68,4,3,3
100785,180104,51,S,Male,Yes,6,2,2,3,99,7,1,99
100786,180104,17,R,Male,No,1,3,NaN,NaN,82,5,3,4
100790,180104,19,S,Female,Yes,1,1,1,1,39,6,1,9
100791,180104,1,S,Female,Yes,4,1,1,2,73,4,3,2
100792,180104,31,U,Male,Yes,1,5,1,1,25,3,1,3
100795,180104,17, ,Female,No,2,4,NaN,NaN,29,5,6,2
100796,180104,19,U,Male,Yes,2,1,2,NaN,51,7,1,9
100799,180104,29,S,Male,Yes,4,1,4,4,23,6,1,3
100802,180104,17,R,Male,Yes,2,1,1,4,64,8,1,6
100805,180104,12,S,Female,Yes,1,1,3,3,26,3,2,5
100807,180104,20,S,Male,No,1,3,NaN,NaN,87,3,3,3
100811,180104,5,U,Male,Yes,3,1,1,2,29,6,1,8
100812,180104,48,R,Male,Yes,3,1,1,3,43,6,1,9
100813,180104,29,R,Male,Yes,3,3,2,2,63,4,6,2
100815,180104,29,R,Male,Yes,2,1,1,4,43,6,1,8
100816,180104,12,S,Male,No,1,2,NaN,NaN,61,3,3,99
100817,180104,17, ,Male,Yes,2,1,1,4,36,6,1,99
100818,180104,9,S,Female,Yes,3,1,2,3,46,3,1,5
100820,180104,38,R,Female,Yes,1,2,1,3,38,6,1,8
100821,180104,17,S,Male,Yes,2,1,1,3,57,4,1,7
100822,180104,19,U,Male,Yes,3,3,3,3,26,3,1,4
100823,180104,47,U,Male,Yes,1,3,1,2,20,4,2,6
100825,180104,19,S,Male,Yes,3,1,1,3,32,6,1,4
100826,180104,48,U,Female,Yes,4,1,1,1,18,4,2,2
100828,180104,47,R,Male,Yes,1,1,1,1,21,3,2,7
100831,180107,48,U,Female,Yes,1,1,1,1,56,3,3,2
100832,180104,37, ,Female,Yes,1,1,1,NaN,23,2,1,3
100833,180104,17,S,Female,Yes,1,1,1,3,56,8,1,8
100834,180104,19,U,Female,Yes,1,1,1,2,58,6,4,7
100835,180104,17,U,Female,Yes,4,1,4,4,18,2,1,98
100840,180104,48,R,Male,Yes,2,2,2,NaN,85,8,3,98
100842,180104,13,S,Male,No,6,1,NaN,NaN,48,6,6,98
100843,180104,53,S,Female,Yes,2,1,1,1,47,8,1,9
100845,180104,17,S,Male,Yes,4,2,4,3,18,2,4,98
100846,180104,12,S,Male,Yes,4,2,3,4,45,8,2,98
100849,180104,53,U,Male,Yes,4,1,1,4,20,3,2,6
100850,180104,1,S,Female,Yes,4,1,1,4,49,8,1,7
100851,180104,17, ,Female,Yes,4,2,4,4,25,3,6,1
100852,180105,51,S,Male,Yes,2,1,2,4,19,3,1,3
100853,180104,34, ,Male,Yes,4,1,2,2,30,1,2,2
100856,180104,12, ,Female,No,1,2,NaN,NaN,71,98,4,1
100859,180104,48,U,Female,No,4,1,2,3,63,2,2,98
100862,180104,5,R,Female,Yes,1,2,1,1,23,4,5,2
100863,180104,48,R,Female,No,3,1,NaN,NaN,70,1,4,1
100865,180104,55,U,Female,Yes,3,1,1,4,55,6,1,7
100867,180104,48,U,Female,Yes,3,2,3,NaN,43,2,1,1
100868,180104,28,S,Male,Yes,4,2,1,3,20,4,4,9
100869,180104,28,R,Male,No,1,1,NaN,NaN,50,4,1,1
100870,180104,48,R,Male,Yes,4,4,4,4,18,4,4,3
100871,180104,48,U,Female,No,1,1,NaN,NaN,71,1,4,3
100872,180104,48,U,Male,Yes,2,1,1,3,33,5,1,6
100874,180106,48,S,Male,No,1,1,NaN,NaN,64,98,6,3
100876,180104,48,U,Male,Yes,2,2,2,3,73,7,3,2
100878,180104,17, ,Male,DK,1,2,NaN,NaN,61,1,2,98
100879,180104,48,U,Male,Yes,4,3,3,3,51,3,5,1
100880,180104,13,R,Female,Yes,1,1,1,2,51,6,2,9
100881,180104,48,S,Male,Yes,2,4,4,4,33,3,4,1
100883,180104,48,U,Female,No,1,1,NaN,2,68,1,1,2
100884,180104,48,S,Male,Yes,4,3,3,4,27,6,1,1
100886,180104,48,R,Female,Yes,4,1,1,2,80,6,3,7
100887,180104,17,U,Female,Yes,1,1,1,2,50,7,1,8
100888,180104,2,U,Male,Yes,6,2,3,NaN,30,6,1,99
100889,180104,48,S,Male,Yes,2,2,2,4,34,3,1,5
100892,180104,48,U,Male,Yes,4,4,4,4,60,2,2,98
100893,180104,40,R,Male,Yes,3,1,1,NaN,60,2,1,4
100894,180104,17,U,Male,Yes,2,2,1,3,32,3,1,3
100898,180104,55,R,Male,Yes,1,1,1,NaN,44,5,1,99
100899,180109,48,S,Male,Yes,4,2,4,4,99,7,1,99
100900,180104,29,S,Female,Yes,2,1,2,2,30,8,1,5
100901,180104,15,R,Male,Yes,4,1,1,4,53,7,5,9
100902,180104,4,U,Female,Yes,2,1,1,1,21,4,1,7
100903,180104,17,U,Female,Yes,1,1,1,NaN,99,5,5,6
100905,180104,49,U,Male,Yes,3,3,2,4,19,4,2,7
100907,180104,49,S,Female,Yes,2,1,1,3,62,4,3,2
100908,180104,8,S,Male,Yes,4,2,1,NaN,20,2,4,6
100909,180104,35,U,Male,No,1,1,NaN,NaN,81,2,3,1
100911,180104,4,R,Female,Yes,2,1,2,2,43,3,1,3
100912,180104,49,S,Male,Yes,3,2,2,NaN,37,6,1,6
100913,180104,46, ,Male,Yes,1,1,2,3,23,3,1,2
100915,180104,30, ,Male,Yes,6,2,2,3,62,5,3,2
100916,180104,49, ,Male,Yes,4,2,1,2,65,6,1,7
100918,180104,8,S,Female,Yes,1,1,1,2,60,6,1,99
100919,180104,35,S,Male,Yes,1,2,1,1,74,6,3,4
100920,180104,8,S,Male,Yes,2,1,1,NaN,37,7,1,7
100923,180104,49,U,Male,Yes,4,2,1,3,25,6,1,4
100924,180105,35,R,Male,Yes,4,2,3,3,45,3,1,3
100926,180104,4,U,Female,Yes,2,1,3,4,36,1,2,1
100927,180104,48,U,Male,No,1,1,NaN,NaN,81,1,2,2
100929,180104,4,U,Female,Yes,4,1,1,3,66,6,1,99
100931,180104,4,S,Male,Yes,3,1,1,3,33,6,1,9
100932,180104,53,U,Male,Yes,1,1,1,1,52,6,1,9
100933,180104,32,S,Male,Yes,1,3,1,2,37,7,1,6
100934,180104,48, ,Female,Yes,1,3,2,4,85,3,3,99
100935,180104,8,U,Male,Yes,1,1,1,NaN,55,6,1,99
100936,180104,4,S,Female,Yes,3,3,3,3,19,3,4,3
100937,180104,6,U,Female,Yes,4,4,4,4,29,4,2,2
100939,180104,6,S,Male,Yes,4,4,1,4,31,5,2,1
100941,180104,16,R,Female,Yes,2,3,2,4,60,6,4,8
100944,180104,8,R,Male,Yes,4,4,4,NaN,56,7,1,4
100946,180104,41,U,Male,Yes,6,3,2,3,35,5,1,8
100948,180104,6,U,Female,Yes,4,1,1,4,25,6,1,9
100950,180104,6,S,Female,Yes,1,1,4,2,60,4,3,6
100951,180104,2,S,Male,Yes,4,4,4,NaN,63,3,5,9
100952,180104,36,U,Male,Yes,3,1,1,1,18,3,4,98
100953,180104,6,U,Male,Yes,4,1,1,2,38,5,2,4
100955,180104,32,U,Female,Yes,3,1,1,3,41,4,1,8
100956,180104,53,U,Male,Yes,4,2,1,3,20,4,2,1
100957,180104,6,U,Female,No,1,5,5,NaN,50,5,1,1
100958,180104,6,U,Female,Yes,1,1,1,3,60,4,3,4
100959,180104,6,U,Female,Yes,4,2,2,2,42,4,1,4
100960,180104,6,U,Male,Yes,1,1,1,NaN,44,7,1,9
100961,180104,41,U,Female,Yes,3,1,1,3,51,8,2,9
100962,180104,6,S,Female,Yes,3,2,1,2,19,3,2,3
100964,180104,6,U,Female,Yes,4,4,1,NaN,22,4,4,1
100965,180104,6,U,Male,Yes,1,1,1,3,34,5,2,3
100967,180104,6,U,Male,Yes,4,3,3,2,20,5,1,8
100968,180104,41, ,Male,Yes,3,1,1,1,20,4,1,6
100969,180104,41,S,Male,Yes,2,2,1,3,30,1,1,6
100970,180104,6, ,Female,Yes,4,3,2,4,25,6,1,98
100972,180104,48,S,Male,Yes,1,2,1,3,38,7,1,9
100973,180104,6, ,Male,Yes,4,2,1,3,24,6,1,6
100974,180104,6,S,Male,Yes,1,3,1,2,74,7,2,4
100975,180104,6,U,Female,No,3,3,NaN,4,54,2,6,2
100976,180104,6,U,Female,Yes,4,3,4,NaN,62,1,2,2
100978,180104,41, ,Female,Yes,2,1,3,4,70,6,3,4
100979,180104,6,S,Male,Yes,3,1,2,NaN,55,2,2,1
100980,180104,41,U,Male,Yes,3,1,1,1,46,6,1,8
100981,180104,6, ,Male,No,3,1,NaN,NaN,57,1,4,1
100982,180104,6,U,Female,Yes,4,2,2,2,20,5,1,1
100983,180104,53,U,Male,Yes,4,2,2,2,40,3,1,4
100984,180104,6,U,Female,Yes,4,2,2,2,30,7,4,99
100985,180104,2,U,Male,Yes,4,5,4,NaN,21,3,4,1
100986,180104,41,S,Male,Yes,3,1,1,2,99,3,1,99
100987,180104,53,S,Female,Yes,4,2,1,3,36,6,2,8
100988,180104,41,S,Female,Yes,6,3,3,NaN,70,3,5,1
100989,180104,6,U,Female,Yes,2,1,1,2,46,8,1,9
100991,180105,45,S,Male,Yes,4,1,1,1,33,4,1,8
100993,180105,45,S,Male,Yes,2,1,1,1,20,4,2,6
100995,180105,39, ,Male,Yes,2,1,1,3,99,5,99,99
100996,180105,8,U,Female,Yes,1,1,1,NaN,64,6,3,7
100997,180105,37,U,Female,No,2,3,NaN,NaN,89,3,3,2
100998,180105,47,R,Male,Yes,1,1,3,NaN,66,6,3,8
100999,180105,36,U,Male,Yes,1,1,1,NaN,50,8,5,1
101001,180106,45,R,Female,Yes,1,1,2,4,64,5,1,5
101002,180105,24,S,Male,No,2,4,4,NaN,63,5,1,99
101003,180105,48,U,Female,Yes,1,1,1,1,39,8,1,9
101005,180105,24,U,Male,Yes,1,2,1,4,45,8,1,7
101006,180105,54,U,Female,Yes,2,3,3,NaN,60,4,1,7
101007,180105,42,S,Male,Yes,1,1,2,NaN,60,6,1,6
101008,180105,50,S,Male,Yes,4,8,1,NaN,75,8,3,9
101012,180105,12,S,Female,Yes,2,2,2,2,44,4,4,1
101013,180105,48,U,Female,Yes,3,3,2,3,33,4,4,1
101015,180105,24,S,Female,Yes,1,2,2,NaN,43,4,4,7
101016,180105,36, ,Male,Yes,2,1,1,NaN,46,3,1,99
101017,180105,12,S,Female,Yes,3,1,1,NaN,54,4,1,6
101018,180105,37,U,Female,Yes,2,5,1,2,64,6,2,7
101021,180105,45,S,Male,Yes,3,1,1,3,21,3,4,7
101022,180105,13,S,Male,Yes,2,1,1,4,60,2,2,3
101023,180105,6,S,Male,Yes,2,1,4,4,46,5,1,6
101029,180105,39,R,Male,Yes,4,4,4,4,27,4,4,2
101031,180105,24,U,Male,Yes,2,2,2,NaN,55,3,1,6
101032,180105,12, ,Male,Yes,3,2,2,3,44,7,5,99
101035,180105,45,S,Female,Yes,1,1,1,2,72,3,3,7
101036,180105,39,S,Male,Yes,2,2,4,3,56,3,1,2
101037,180105,42,S,Female,Yes,3,1,1,3,53,8,1,9
101038,180105,33,S,Male,Yes,1,2,4,NaN,59,6,1,6
101039,180105,13,S,Male,Yes,1,1,1,4,43,6,1,5
101040,180105,39,U,Male,Yes,1,1,2,2,49,5,2,2
101041,180105,42,S,Female,Yes,6,1,1,1,29,8,1,6
101042,180105,25,S,Female,Yes,1,1,1,1,70,8,1,7
101046,180105,21,S,Female,Yes,1,1,1,1,48,4,6,1
101048,180105,23,S,Male,Yes,3,1,1,2,71,5,3,99
101049,180105,13,U,Male,Yes,3,2,2,3,66,4,3,2
101050,180105,12,U,Female,Yes,1,1,2,2,35,3,4,5
101051,180107,13,S,Female,Yes,2,2,3,4,29,3,2,3
101053,180105,39,S,Male,Yes,1,1,1,NaN,51,6,5,8
101054,180105,36,U,Female,Yes,2,1,1,2,74,7,2,8
101055,180105,36,U,Male,Yes,1,1,1,2,36,6,1,6
101057,180105,34,S,Male,Yes,2,1,1,4,63,6,1,9
101058,180105,18,U,Male,Yes,2,2,2,3,48,8,6,3
101059,180105,54,R,Male,Yes,1,1,1,4,69,4,3,7
101060,180107,37,S,Male,Yes,1,1,1,4,50,6,1,6
101061,180105,45,S,Male,No,2,4,NaN,NaN,76,3,3,98
101064,180105,6,S,Male,Yes,1,1,1,4,43,8,4,9
101065,180105,36,S,Female,Yes,3,2,2,3,19,4,2,98
101066,180105,42,U,Female,No,1,1,NaN,NaN,56,3,1,5
101068,180106,21,U,Female,Yes,1,1,1,1,53,3,6,98
101069,180105,13,R,Female,Yes,3,1,1,NaN,68,3,3,3
101070,180105,51,S,Female,Yes,1,2,1,2,39,8,1,8
101073,180105,42,S,Male,Yes,2,1,2,4,66,5,3,98
101076,180105,25,U,Male,Yes,4,3,2,4,19,3,1,8
101079,180105,20,S,Male,Yes,2,1,2,4,44,8,1,7
101081,180105,39,U,Male,Yes,1,1,1,1,58,2,4,3
101084,180105,47,S,Female,Yes,2,1,2,2,32,3,2,1
101085,180105,36,R,Female,Yes,3,1,1,2,35,4,1,2
101087,180108,13,U,Female,No,1,4,NaN,NaN,58,2,6,98
101088,180105,42,S,Male,Yes,3,1,1,2,23,3,1,98
101091,180105,13,U,Male,No,2,4,4,NaN,40,1,1,3
101092,180105,23,S,Female,Yes,2,1,1,1,39,6,1,6
101093,180105,12,S,Male,No,2,1,NaN,4,38,1,1,2
101094,180105,34,S,Male,Yes,1,1,2,3,74,4,3,7
101095,180105,42,U,Female,Yes,4,1,4,NaN,86,8,3,5
101096,180105,37,U,Male,Yes,1,1,1,4,59,4,1,99
101098,180105,12,S,Female,Yes,2,3,2,4,30,6,2,2
101099,180105,18,U,Male,Yes,1,1,1,3,29,6,1,3
101101,180105,8,U,Female,Yes,2,1,1,2,34,8,1,7
101103,180105,12,U,Female,Yes,6,1,1,1,27,8,2,4
101105,180105,39,U,Male,Yes,2,4,1,4,45,6,2,1
101106,180105,37,U,Male,Yes,1,1,1,2,55,7,1,6
101107,180105,39,U,Female,Yes,1,1,3,3,62,4,6,3
101111,180108,12,U,Male,Yes,3,4,3,NaN,99,5,1,4
101113,180105,13,S,Male,No,4,1,NaN,NaN,64,2,4,1
101114,180105,51,S,Male,Yes,1,1,1,1,47,2,4,3
101116,180105,36,U,Male,Yes,4,5,5,3,18,4,4,3
101117,180105,36,S,Male,Yes,4,4,4,4,36,5,1,4
101118,180105,24,S,Male,Yes,3,4,3,NaN,59,6,1,9
101119,180105,13,U,Female,Yes,1,1,1,4,66,6,1,5
101120,180105,26,R,Female,Yes,4,1,3,4,62,7,4,1
101122,180108,25,U,Male,Yes,3,1,1,1,30,5,4,3
101123,180105,36,R,Female,Yes,1,1,1,NaN,65,6,3,9
101125,180105,36,S,Male,Yes,1,1,4,NaN,62,5,3,99
101126,180105,12, ,Female,Yes,1,2,3,3,50,6,3,5
101127,180105,12,S,Female,No,1,1,NaN,NaN,60,3,3,4
101128,180105,36,R,Male,Yes,2,1,2,3,57,6,1,8
101129,180107,13,S,Female,No,2,4,1,NaN,67,3,3,98
101130,180105,6,S,Male,Yes,2,1,1,NaN,31,8,2,3
101131,180105,26, ,Female,Yes,1,1,1,4,42,6,1,8
101132,180105,12,S,Female,Yes,1,1,1,4,36,8,1,9
101133,180105,42,S,Male,Yes,1,1,1,2,52,6,1,9
101138,180105,36,S,Female,Yes,5,1,2,4,49,3,2,6
101139,180105,26,S,Male,Yes,2,1,1,NaN,64,4,2,6
101143,180105,24,S,Male,Yes,1,1,1,1,48,1,1,3
101145,180105,12,S,Female,Yes,1,1,4,3,62,3,1,3
101147,180105,24,S,Male,No,1,3,NaN,NaN,50,1,1,2
101148,180105,12,S,Male,Yes,4,3,2,NaN,21,5,4,2
101150,180105,11,U,Male,Yes,2,1,1,2,34,7,1,9
101154,180105,36,S,Male,Yes,3,5,5,3,29,5,2,2
101156,180105,12, ,Male,Yes,2,4,4,4,50,6,1,99
101157,180105,42,S,Male,Yes,1,1,1,2,46,5,1,7
101158,180105,12,S,Female,Yes,2,3,3,NaN,63,6,5,5
101159,180105,51,S,Female,Yes,3,1,1,NaN,59,7,3,99
101160,180105,12,S,Female,Yes,1,1,1,3,58,5,4,7
101161,180105,34,S,Female,Yes,1,1,1,3,57,6,1,8
101162,180105,45,S,Male,Yes,4,4,2,NaN,69,3,3,3
101163,180105,33,S,Female,No,1,1,NaN,NaN,69,4,1,3
101164,180105,48,R,Male,Yes,4,1,1,4,42,6,1,99
101166,180105,26,U,Female,Yes,2,1,1,1,22,4,7,9
101167,180105,25,S,Male,Yes,2,1,1,2,23,6,2,2
101168,180105,13, ,Female,Yes,3,2,2,3,52,6,1,9
101169,180105,48,U,Female,Yes,3,1,3,NaN,49,3,1,3
101170,180105,17,U,Male,Yes,1,1,1,4,74,6,3,6
101171,180108,48,U,Female,Yes,1,1,1,1,27,3,2,3
101172,180105,18,U,Male,Yes,2,2,2,NaN,55,4,6,3
101174,180105,12, ,Female,Yes,4,3,4,NaN,51,4,1,2
101175,180105,48,U,Female,Yes,4,2,4,4,26,4,4,98
101176,180105,48, ,Female,No,3,4,4,NaN,44,1,1,99
101177,180105,29,U,Female,Yes,1,1,1,1,54,6,1,8
101178,180105,55,S,Female,Yes,1,1,1,3,62,6,1,6
101179,180105,17,S,Female,Yes,4,3,3,3,32,3,4,3
101181,180105,36,S,Male,No,3,4,3,NaN,20,3,4,98
101183,180105,27,U,Female,Yes,4,2,1,NaN,99,6,1,5
101184,180105,20,U,Male,No,3,2,NaN,3,54,3,4,1
101186,180105,17,U,Female,Yes,4,1,1,2,32,3,1,5
101188,180105,48,R,Female,Yes,1,3,1,NaN,66,4,3,6
101189,180105,48,S,Male,Yes,4,1,1,1,39,6,1,8
101190,180105,20, ,Male,Yes,4,1,1,3,24,3,4,4
101192,180105,48,U,Male,Yes,6,1,1,3,21,3,2,6
101193,180105,17,S,Male,Yes,1,1,1,3,39,4,1,5
101194,180105,48,U,Female,Yes,2,1,1,1,23,3,1,2
101195,180105,55,S,Male,Yes,2,1,1,2,67,6,2,9
101196,180105,48, ,Male,Yes,4,4,2,4,24,3,1,99
101201,180105,46,U,Male,Yes,4,1,1,1,20,3,1,2
101203,180105,48,U,Female,Yes,2,2,2,3,34,4,4,4
101205,180107,1,S,Male,Yes,2,1,2,4,46,6,1,99
101207,180105,27, ,Male,Yes,3,4,4,NaN,20,4,2,99
101210,180105,34,S,Male,Yes,1,3,2,NaN,68,7,4,9
101211,180105,40,S,Male,Yes,2,2,1,2,51,4,2,6
101212,180105,48,U,Male,Yes,3,1,1,2,30,7,1,8
101213,180107,29,R,Female,No,1,2,NaN,NaN,79,2,3,98
101214,180105,5,U,Male,Yes,2,4,1,NaN,53,6,3,4
101216,180105,47,S,Female,Yes,2,1,1,3,60,3,2,8
101220,180105,48,U,Male,Yes,4,3,4,4,54,6,1,8
101221,180105,48,U,Female,Yes,4,1,1,1,46,4,2,3
101225,180105,48,U,Female,Yes,2,1,2,NaN,75,6,3,6
101226,180105,23,S,Male,Yes,4,1,1,4,27,3,1,2
101227,180105,27,U,Female,Yes,1,1,1,1,50,4,4,2
101228,180105,27,U,Male,Yes,2,1,2,3,38,6,1,6
101230,180105,48,U,Female,Yes,1,1,3,NaN,76,3,3,2
101231,180105,27,U,Male,Yes,3,1,1,2,36,6,1,8
101236,180105,48,U,Male,Yes,4,1,1,1,21,3,1,5
101237,180105,48,S,Female,Yes,2,2,2,NaN,69,6,3,8
101239,180105,13,U,Male,Yes,2,3,2,NaN,30,6,1,6
101240,180105,46,R,Male,Yes,2,1,1,2,67,8,2,8
101241,180105,54,S,Female,Yes,1,1,1,3,71,4,3,6
101242,180105,48, ,Female,Yes,2,1,2,2,68,3,1,3
101244,180105,45,S,Male,Yes,2,2,2,4,69,6,1,99
101245,180105,51,S,Female,Yes,2,3,1,2,25,6,1,7
101246,180105,17,S,Male,Yes,1,1,1,NaN,68,6,2,2
101248,180105,36,S,Female,Yes,1,2,3,2,29,4,4,3
101250,180107,37,S,Female,Yes,3,1,4,4,60,3,6,3
101251,180105,42,S,Male,Yes,1,1,1,2,18,4,2,98
101253,180105,48,S,Male,Yes,1,1,1,1,24,6,1,2
101257,180105,44,S,Female,Yes,2,1,1,3,25,7,1,6
101258,180105,38,U,Male,Yes,1,1,1,4,61,3,1,3
101259,180105,40,U,Female,Yes,4,2,4,4,22,3,4,1
101261,180105,27,S,Male,Yes,2,2,1,3,57,6,3,7
101263,180105,37,U,Female,Yes,2,1,1,3,30,6,1,9
101264,180105,55,U,Male,Yes,3,2,1,3,22,6,7,7
101265,180105,17,R,Male,Yes,4,1,3,2,60,6,1,6
101267,180105,5,U,Male,Yes,4,1,1,2,66,6,3,99
101271,180105,48,U,Male,Yes,2,1,2,2,32,3,1,7
101273,180105,17,R,Male,Yes,3,4,2,3,55,6,4,3
101274,180105,48,U,Male,Yes,5,5,5,4,51,8,1,9
101275,180105,36,S,Male,Yes,1,1,1,2,22,6,4,6
101276,180105,48,U,Male,Yes,1,1,1,NaN,32,4,1,2
101277,180105,48,S,Female,Yes,3,1,1,3,23,5,4,98
101279,180105,18, ,Male,Yes,6,4,4,NaN,32,3,1,98
101284,180105,55, ,Female,No,1,3,NaN,NaN,77,3,3,3
101285,180105,2,U,Male,Yes,1,1,1,NaN,65,6,3,6
101287,180105,17,S,Female,Yes,4,2,1,2,21,5,1,3
101288,180105,37,S,Male,Yes,4,4,4,4,29,6,2,4
101289,180105,49,S,Male,No,3,1,2,2,50,6,1,99
101290,180105,16,U,Male,Yes,3,1,3,1,18,3,4,98
101291,180105,35,U,Female,Yes,1,2,1,2,99,6,1,99
101292,180105,27,S,Male,Yes,3,2,2,3,21,3,4,98
101293,180105,4,S,Male,Yes,4,1,1,2,32,5,1,7
101295,180105,35, ,Male,Yes,3,1,1,NaN,41,7,1,6
101296,180105,55,S,Female,Yes,4,2,1,NaN,64,6,1,6
101297,180105,35,U,Female,Yes,3,1,2,NaN,84,7,3,99
101298,180105,30,R,Male,Yes,3,2,2,3,47,3,1,5
101301,180105,4,U,Female,No,3,4,6,NaN,74,4,3,3
101302,180105,47,S,Male,Yes,4,3,2,4,36,6,1,9
101303,180105,48,S,Male,No,4,4,NaN,4,62,3,1,4
101304,180105,30,R,Female,Yes,4,1,1,2,33,7,1,6
101305,180105,49,S,Male,Yes,4,1,1,4,47,4,1,7
101306,180105,48,U,Male,No,4,4,NaN,4,30,3,4,2
101308,180105,6,S,Male,Yes,4,2,2,NaN,22,4,6,4
101309,180109,6, ,Female,Yes,4,1,1,NaN,23,99,99,9
101311,180105,41,U,Male,Yes,2,1,1,2,28,6,1,6
101317,180105,6,S,Male,Yes,2,1,1,2,38,3,1,99
101318,180105,6, ,Male,Yes,4,3,3,NaN,42,6,1,9
101319,180105,6,U,Male,Yes,1,1,1,2,67,7,1,9
101320,180105,6,U,Female,Yes,4,2,4,4,36,2,4,1
101321,180105,6,S,Male,Yes,1,2,1,NaN,72,7,3,9
101322,180105,8,S,Female,Yes,3,1,1,2,60,3,2,7
101323,180105,6,S,Male,Yes,2,1,1,2,43,6,4,8
101324,180105,6, ,Male,Yes,3,1,1,NaN,35,6,1,8
101327,180105,8,U,Male,Yes,6,1,5,4,30,6,1,8
101328,180105,6,U,Male,Yes,2,1,1,2,31,4,1,2
101329,180105,49,S,Male,Yes,1,1,2,NaN,82,6,5,6
101331,180105,53,U,Female,Yes,2,1,4,NaN,85,5,3,99
101332,180105,6,S,Male,Yes,4,2,1,NaN,18,3,2,98
101333,180105,6,S,Female,Yes,1,1,1,4,52,5,1,6
101334,180105,6,S,Female,Yes,1,1,1,3,45,2,6,98
101335,180105,6,S,Male,Yes,3,1,2,4,44,3,1,7
101336,180105,6,U,Male,Yes,2,1,1,4,56,4,1,9
101338,180105,6,U,Male,Yes,4,3,3,4,54,1,1,1
101340,180105,6, ,Male,Yes,2,1,2,1,45,1,1,2
101341,180105,41,U,Male,Yes,1,5,2,NaN,40,6,1,3
101342,180105,6,U,Female,Yes,3,1,1,2,40,6,1,9
101343,180105,6, ,Male,Yes,6,1,2,2,74,6,3,1
101346,180106,50,R,Male,Yes,4,1,1,4,33,3,1,3
101348,180106,45, ,Male,Yes,3,1,1,2,25,8,1,6
101349,180106,12,S,Male,Yes,3,3,2,3,80,5,3,5
101350,180106,39,U,Male,Yes,2,1,1,1,22,4,7,2
101351,180106,51,R,Female,Yes,1,1,2,3,83,6,3,3
101352,180106,25,S,Male,Yes,3,1,1,3,43,7,1,9
101353,180106,18,U,Male,Yes,1,1,1,2,69,7,1,99
101355,180106,13,S,Female,Yes,4,1,4,4,60,5,1,4
101356,180106,25,U,Female,Yes,1,1,1,3,49,5,3,7
101357,180106,13,S,Female,Yes,1,1,1,1,67,5,3,7
101358,180106,42,S,Male,Yes,4,4,1,2,26,3,2,6
101360,180106,26,U,Female,Yes,4,1,1,1,22,3,2,1
101361,180106,36,S,Female,Yes,1,1,1,2,60,3,2,9
101362,180106,12,S,Male,Yes,1,1,1,2,61,7,1,8
101363,180106,26,S,Female,Yes,4,2,3,4,46,6,1,9
101364,180106,9,S,Female,Yes,1,1,1,3,32,6,1,8
101366,180106,26,S,Male,Yes,2,1,1,2,44,5,1,7
101367,180106,13,S,Male,No,1,4,NaN,NaN,74,5,3,98
101370,180106,18, ,Male,Yes,4,2,2,NaN,47,3,5,2
101372,180106,27,R,Male,Yes,2,2,2,4,81,8,3,7
101373,180106,31,U,Female,Yes,1,1,1,2,99,6,3,99
101374,180106,29,U,Male,Yes,2,2,1,4,43,6,1,7
101375,180106,48,U,Male,Yes,2,1,1,4,52,4,1,8
101379,180106,17,U,Male,Yes,2,1,1,2,32,6,1,9
101380,180106,48,U,Female,No,4,1,4,NaN,59,4,2,1
101381,180106,12,U,Female,Yes,1,1,1,2,45,6,1,99
101382,180106,1,R,Female,Yes,1,1,1,2,63,4,5,6
101384,180106,48,U,Male,Yes,4,2,4,4,22,3,2,7
101385,180106,12,S,Female,Yes,3,2,2,3,29,6,1,2
101386,180106,22, ,Male,Yes,4,4,4,NaN,27,2,1,9
101388,180108,18,U,Male,No,1,1,NaN,NaN,68,3,2,3
101389,180106,13,R,Male,Yes,2,4,4,4,62,4,3,7
101390,180106,25,S,Male,Yes,2,5,2,NaN,37,3,1,9
101393,180106,8,S,Male,Yes,4,1,1,2,43,7,1,8
101394,180106,39,S,Female,Yes,4,1,1,1,36,4,1,3
101397,180106,26,S,Male,Yes,1,1,1,NaN,60,8,1,9
101398,180106,48,S,Male,Yes,2,2,1,2,23,7,2,1
101399,180106,34,S,Male,No,2,4,4,NaN,79,7,3,7
101401,180106,17, ,Female,Yes,2,1,2,NaN,55,98,2,1
101402,180106,48, ,Male,Yes,4,4,1,4,31,4,1,9
101406,180106,34,S,Male,Yes,2,1,1,3,64,6,1,7
101407,180107,17,S,Female,Yes,4,1,1,2,52,4,2,9
101410,180106,48,U,Male,Yes,1,1,1,1,25,6,1,8
101414,180106,46,R,Female,Yes,2,1,1,3,36,8,1,99
101415,180106,48,S,Female,Yes,1,3,1,1,54,1,2,2
101416,180106,12,S,Female,Yes,1,1,2,2,36,5,4,5
101418,180106,6,S,Male,Yes,4,4,4,4,31,3,1,4
101419,180106,4,S,Female,Yes,1,1,1,2,66,6,1,99
101421,180106,37,U,Female,Yes,1,3,3,3,65,2,6,2
101422,180106,6,S,Male,Yes,4,4,3,4,47,7,1,9
101423,180106,6,U,Female,Yes,4,2,2,3,21,3,2,1
101425,180106,6,S,Male,Yes,2,2,2,4,53,7,1,9
101426,180106,12, ,Female,Yes,6,6,1,NaN,99,99,99,99
101427,180106,17,R,Female,Yes,4,5,5,4,52,6,1,5
101429,180106,4,U,Female,Yes,2,1,1,2,32,2,4,2
101431,180106,35,U,Female,Yes,4,1,4,4,55,5,1,4
101433,180106,42,S,Male,Yes,1,1,1,1,19,3,1,4
101434,180106,6,U,Male,Yes,2,2,1,2,29,6,1,1
101436,180106,8,U,Female,Yes,1,1,1,NaN,68,7,3,7
101437,180106,35,U,Male,Yes,1,1,1,1,44,3,2,2
101438,180106,8,U,Female,Yes,4,1,2,4,49,6,1,7
101440,180106,48,U,Female,Yes,2,2,2,4,43,3,2,1
101441,180106,55,U,Male,Yes,4,4,2,2,29,5,1,6
101443,180106,6,U,Female,Yes,2,1,1,1,35,6,2,9
101444,180106,51,U,Male,Yes,3,2,1,3,33,7,1,9
101445,180106,6,S,Male,Yes,6,3,2,4,50,4,2,2
101446,180106,5,U,Male,Yes,2,3,2,3,55,6,1,8
101447,180106,26,R,Male,Yes,2,1,2,2,66,3,1,3
101448,180106,12,S,Male,Yes,4,4,4,NaN,66,7,1,7
101450,180106,53, ,Female,Yes,1,1,4,NaN,79,5,4,3
101451,180106,13,S,Male,No,3,4,NaN,NaN,47,3,1,4
101452,180106,55,S,Female,No,1,1,NaN,NaN,90,2,4,2
101453,180106,6,S,Male,Yes,4,1,1,4,54,2,3,5
101454,180106,30,R,Female,Yes,1,1,1,2,28,6,1,8
101456,180106,48,S,Female,Yes,2,1,1,3,55,5,1,9
101458,180106,49,S,Male,Yes,2,2,2,NaN,56,3,1,6
101460,180106,6, ,Female,No,3,1,4,4,56,1,4,99
101461,180106,47,U,Male,Yes,3,1,3,4,60,3,1,99
101462,180106,6,U,Male,No,1,1,1,1,39,3,1,3
101463,180106,1,S,Female,Yes,2,1,3,3,56,6,1,8
101464,180106,4, ,Female,Yes,3,2,2,3,37,2,4,1
101465,180106,40,R,Female,Yes,2,1,1,3,26,6,1,5
101466,180106,15,U,Male,Yes,3,2,1,3,34,4,1,7
101467,180106,42, ,Male,Yes,2,2,2,NaN,50,7,1,99
101470,180106,8,S,Male,Yes,3,3,2,4,47,8,1,7
101472,180106,30,R,Male,Yes,4,1,1,3,66,7,1,8
101473,180106,17,U,Female,Yes,2,1,1,2,33,8,1,8
101474,180106,16,S,Male,Yes,4,1,4,4,55,3,1,8
101475,180106,24,S,Male,Yes,2,1,1,3,57,4,1,7
101479,180106,48,U,Female,Yes,4,2,1,2,46,6,1,7
101480,180106,26,R,Male,Yes,1,1,1,2,47,6,1,6
101481,180106,45,U,Female,Yes,1,5,1,2,46,6,2,9
101482,180106,56, ,Female,Yes,1,1,1,2,18,3,2,4
101484,180106,34,S,Female,Yes,3,1,1,2,72,7,4,7
101485,180107,6,S,Male,Yes,2,1,1,1,46,6,1,9
101486,180107,5,U,Female,Yes,1,1,4,NaN,56,4,3,1
101487,180106,51,R,Female,No,1,3,NaN,NaN,77,3,3,99
101488,180106,6,U,Female,Yes,3,1,1,3,38,8,1,9
101491,180106,6, ,Male,No,2,4,NaN,4,18,3,4,98
101492,180106,54,S,Male,Yes,1,2,1,2,44,7,2,6
101493,180106,41,S,Male,Yes,4,1,1,NaN,47,8,1,99
101495,180106,53,S,Male,Yes,1,1,2,NaN,70,8,3,99
101499,180106,6,S,Male,Yes,3,2,2,3,33,6,1,7
101500,180106,12,S,Male,Yes,2,1,1,1,70,7,1,4
101501,180106,13, ,Male,Yes,4,2,3,3,18,3,2,1
101502,180106,12,S,Male,Yes,1,1,2,3,50,2,1,4
101508,180106,6,U,Female,Yes,4,2,1,2,25,6,1,4
101509,180106,51, ,Female,Yes,4,1,1,3,26,6,1,5
101510,180106,44,U,Female,Yes,4,2,4,4,52,3,2,2
101511,180106,13,R,Male,Yes,2,1,1,3,53,3,1,8
101512,180106,42,R,Male,Yes,2,2,2,3,25,1,1,7
101513,180106,6,S,Female,No,2,1,NaN,NaN,49,6,5,9
101514,180106,24,S,Male,Yes,8,8,8,8,99,3,1,9
101515,180106,12,S,Male,Yes,1,1,1,1,53,6,1,9
101516,180106,48, ,Female,Yes,4,3,3,3,23,3,2,2
101518,180106,47,R,Female,Yes,3,2,2,3,74,7,3,9
101520,180106,55,R,Female,Yes,2,2,2,3,57,5,1,7
101521,180106,6,U,Female,Yes,2,1,1,3,48,7,1,9
101522,180106,13,S,Male,Yes,4,2,2,4,37,8,1,8
101523,180106,40, ,Male,No,3,3,NaN,NaN,26,3,1,2
101525,180106,13,S,Male,Yes,2,1,1,2,55,3,1,5
101526,180106,39,S,Male,Yes,1,1,1,3,67,8,3,9
101527,180106,48,U,Male,Yes,2,1,2,3,53,6,1,4
101528,180106,24,S,Female,Yes,3,1,1,2,36,7,1,2
101529,180106,36,S,Male,No,1,1,6,NaN,87,5,3,98
101530,180106,48, ,Male,No,4,2,NaN,NaN,35,1,1,98
101531,180106,48,U,Female,No,1,2,NaN,NaN,60,1,1,1
101533,180106,48,U,Male,Yes,1,3,2,3,23,5,2,98
101536,180106,11,U,Male,Yes,2,1,1,3,23,6,7,4
101537,180106,4,S,Female,Yes,1,2,1,4,64,5,3,4
101541,180106,53,U,Female,Yes,2,1,2,2,30,6,4,7
101542,180106,6,S,Female,Yes,2,1,4,NaN,39,4,1,8
101543,180106,17,U,Female,No,3,2,3,NaN,30,2,4,2
101545,180106,36,U,Male,Yes,3,5,5,2,27,8,1,7
101546,180106,29,S,Female,Yes,1,1,2,3,43,7,1,8
101547,180106,24,S,Female,Yes,4,4,1,3,19,4,2,9
101550,180106,48,U,Female,Yes,2,2,1,2,22,6,7,7
101551,180106,16, ,Male,Yes,3,1,1,1,72,6,3,3
101553,180106,49,S,Male,Yes,2,1,1,NaN,61,7,1,7
101554,180106,8,S,Male,Yes,3,2,1,NaN,19,3,2,5
101555,180106,12,R,Female,No,2,6,NaN,NaN,78,6,3,2
101556,180106,47,U,Female,Yes,5,5,3,2,67,3,4,4
101557,180106,47,U,Male,Yes,1,1,2,2,41,3,8,2
101558,180108,28,R,Female,Yes,2,2,1,3,50,4,4,99
101559,180106,36,U,Male,Yes,2,2,1,4,60,3,1,9
101561,180106,36,U,Female,Yes,4,1,1,1,44,6,4,1
101562,180106,51, ,Male,No,2,2,3,2,39,1,1,1
101563,180106,48,U,Male,Yes,1,1,1,2,47,7,1,8
101565,180106,26,S,Female,Yes,2,4,3,3,99,6,3,99
101567,180106,17,S,Female,Yes,1,1,1,1,37,3,1,6
101568,180106,18,S,Female,Yes,2,1,1,1,37,6,1,2
101569,180106,29,R,Male,Yes,6,4,2,4,20,3,2,6
101570,180106,6,S,Male,Yes,1,1,1,2,32,6,1,9
101573,180106,55, ,Female,Yes,1,1,2,2,67,3,3,99
101574,180106,5,U,Male,Yes,2,1,1,2,28,7,1,9
101575,180106,17,S,Female,Yes,1,1,1,1,71,4,2,3
101576,180106,17,S,Male,Yes,3,5,5,3,34,8,1,7
101578,180108,19,U,Male,Yes,3,1,3,3,67,6,3,6
101579,180106,29,S,Female,Yes,1,1,2,NaN,59,5,6,2
101581,180106,55,U,Female,Yes,3,1,1,1,54,3,1,5
101583,180106,27, ,Female,Yes,1,1,8,4,50,4,6,98
101585,180106,19,U,Male,Yes,4,2,2,2,40,3,1,8
101586,180106,17,S,Male,Yes,5,5,1,2,30,5,1,8
101587,180106,51,R,Female,Yes,1,1,4,4,47,3,2,2
101588,180106,37,U,Female,Yes,2,5,1,1,18,3,2,8
101590,180106,51,S,Male,Yes,4,2,4,4,55,4,1,6
101591,180106,34,S,Female,Yes,1,1,1,2,70,3,3,2
101592,180107,17,S,Male,Yes,3,3,2,4,31,2,1,2
101594,180107,13,U,Female,Yes,1,1,1,4,63,3,3,2
101596,180109,35,R,Male,Yes,2,1,1,NaN,62,3,3,5
101598,180107,4, ,Female,No,4,4,NaN,4,56,3,5,98
101599,180107,42,S,Female,Yes,2,1,2,3,21,6,7,7
101600,180107,4,S,Female,No,3,1,NaN,NaN,94,2,3,99
101602,180107,53,U,Female,Yes,1,2,2,4,24,6,2,5
101603,180107,55,S,Male,Yes,1,1,1,2,50,6,1,9
101605,180107,12,U,Male,Yes,2,1,1,NaN,75,6,3,9
101608,180107,6,S,Male,Yes,4,3,4,4,24,5,1,1
101610,180107,18,R,Female,Yes,3,4,3,4,66,4,3,99
101614,180107,42,U,Male,Yes,3,1,1,2,27,2,1,98
101615,180107,42,R,Male,Yes,1,1,4,4,67,5,3,5
101617,180107,25,S,Male,Yes,5,5,5,4,51,4,4,2
101618,180107,39, ,Female,Yes,1,1,4,NaN,81,6,3,2
101619,180107,18,U,Male,Yes,2,2,3,4,48,3,1,1
101621,180107,26,S,Female,Yes,5,1,3,NaN,68,3,3,99
101622,180107,26,U,Male,Yes,4,2,1,4,25,6,1,4
101623,180107,39, ,Male,Yes,2,3,2,4,45,2,99,9
101624,180107,24,S,Female,Yes,2,3,2,NaN,77,8,3,3
101625,180107,12,S,Male,Yes,3,2,1,3,55,3,1,6
101627,180107,36,U,Female,Yes,2,2,1,3,44,6,1,4
101628,180108,12, ,Male,Yes,4,4,4,NaN,50,5,1,99
101629,180107,39,S,Female,Yes,1,1,2,NaN,80,6,3,6
101631,180107,33,U,Male,Yes,3,2,1,3,35,6,1,4
101634,180107,36,U,Male,Yes,2,1,1,2,33,6,1,6
101635,180107,24, ,Male,Yes,8,1,8,3,99,4,99,99
101636,180107,12,S,Male,Yes,2,3,1,4,50,6,1,6
101638,180107,25,S,Female,Yes,2,3,2,NaN,67,3,1,7
101639,180107,12, ,Male,No,4,4,NaN,NaN,36,99,99,99
101640,180107,37,S,Male,Yes,2,1,2,3,61,6,1,6
101641,180108,24,S,Male,Yes,3,1,1,4,52,6,5,9
101642,180107,42,U,Female,Yes,1,1,1,2,35,8,1,9
101643,180107,12,U,Female,Yes,4,1,1,3,33,3,2,2
101645,180107,44,S,Male,Yes,1,1,1,4,63,8,1,9
101646,180107,36,S,Female,Yes,1,1,1,2,18,3,4,99
101647,180107,50,S,Male,Yes,1,1,1,2,30,6,1,7
101650,180107,23,U,Male,Yes,4,3,2,NaN,29,4,1,6
101652,180107,39,U,Male,Yes,3,3,3,NaN,31,7,1,5
101653,180107,13,S,Male,Yes,2,2,1,4,58,4,1,6
101654,180107,40,S,Male,No,1,2,NaN,NaN,79,4,3,4
101655,180107,48,S,Female,Yes,1,1,1,4,44,3,2,2
101656,180107,48,U,Female,Yes,3,1,1,3,99,99,1,99
101659,180107,41,U,Male,Yes,2,5,5,2,30,6,5,1
101662,180107,17,S,Male,No,2,2,NaN,NaN,55,3,4,98
101663,180107,25,U,Female,Yes,3,1,1,1,22,6,1,4
101664,180107,48,R,Male,No,2,2,2,2,43,3,1,5
101665,180107,6,U,Male,Yes,1,1,1,1,18,3,4,2
101667,180107,6,S,Female,Yes,4,1,1,2,55,4,1,7
101669,180107,12,S,Female,No,2,2,NaN,NaN,66,4,3,3
101670,180107,12,S,Female,Yes,3,3,3,NaN,72,5,3,6
101671,180107,37,S,Female,No,3,1,1,NaN,62,7,3,9
101674,180107,13,S,Female,Yes,3,1,1,3,26,6,1,6
101677,180107,6,U,Male,Yes,2,1,2,3,23,5,1,3
101679,180107,37,U,Female,Yes,2,2,3,3,52,4,4,7
101680,180107,6,U,Female,No,4,4,NaN,NaN,65,1,1,1
101683,180107,37,R,Male,No,2,4,4,4,41,3,1,6
101686,180107,47, ,Male,Yes,4,1,4,6,49,1,5,98
101689,180107,6,U,Female,Yes,1,1,1,1,43,3,4,6
101690,180107,13,U,Female,Yes,2,1,1,NaN,68,3,3,5
101693,180107,36,U,Female,Yes,1,3,1,3,27,6,1,6
101699,180107,48,U,Female,No,1,4,NaN,NaN,50,3,3,6
101701,180107,42,U,Male,Yes,2,2,4,4,60,3,3,3
101703,180107,17,S,Male,No,2,1,3,NaN,54,4,4,99
101704,180107,36,U,Male,Yes,4,2,2,3,24,6,1,5
101707,180107,12,S,Female,Yes,2,5,2,4,43,5,1,2
101709,180107,45,U,Male,Yes,2,1,1,2,68,8,3,4
101710,180107,48,U,Female,Yes,3,3,2,1,19,3,2,98
101716,180107,48,S,Male,Yes,4,2,4,NaN,29,5,4,3
101721,180107,8,R,Male,Yes,2,2,3,4,68,6,3,9
101724,180107,49,S,Male,Yes,1,1,1,NaN,76,7,3,6
101728,180107,36,U,Female,Yes,1,2,1,2,19,3,2,1
101729,180107,12,S,Male,Yes,1,1,1,1,58,6,3,99
101730,180107,6,S,Male,Yes,2,2,4,3,38,3,1,5
101731,180107,6, ,Male,Yes,4,1,4,NaN,18,2,4,2
101732,180107,13, ,Male,Yes,4,4,4,3,25,3,2,3
101736,180107,12,U,Female,Yes,3,3,3,2,73,3,6,1
101737,180107,6,S,Male,Yes,2,1,1,3,43,5,4,3
101738,180107,55,S,Female,Yes,1,1,2,3,66,4,3,6
101739,180107,5,S,Male,No,2,4,NaN,NaN,47,3,1,3
101740,180107,12, ,Male,No,3,4,3,NaN,99,99,99,99
101742,180107,53,U,Female,Yes,1,1,1,2,38,7,4,4
101743,180107,34,S,Female,No,1,4,NaN,NaN,50,4,2,2
101744,180107,12,S,Male,Yes,1,1,1,3,55,5,1,3
101745,180107,26,S,Male,Yes,1,4,2,2,57,6,1,6
101746,180107,12,U,Female,Yes,4,3,2,3,26,5,1,6
101752,180107,9,U,Male,Yes,3,1,1,3,51,7,2,9
101754,180107,48,U,Male,Yes,1,1,1,1,66,3,6,3
101756,180107,13,S,Female,Yes,2,3,2,3,46,6,1,8
101760,180107,12,U,Male,Yes,3,3,2,NaN,66,4,3,3
101772,180107,22,S,Male,Yes,1,1,1,2,34,6,1,5
101775,180107,48,U,Male,Yes,1,1,1,2,87,7,3,8
101776,180107,20,U,Male,Yes,6,1,2,NaN,59,8,5,5
101778,180107,29,R,Male,Yes,4,1,1,4,18,4,2,7
101779,180107,6,U,Female,No,3,3,1,NaN,53,3,2,3
101780,180107,6, ,Male,Yes,8,1,1,1,30,2,1,2
101785,180107,18,S,Female,Yes,1,1,1,NaN,67,8,1,8
101786,180107,22,S,Female,Yes,1,1,1,2,70,6,2,6
101789,180107,6,U,Male,Yes,1,2,1,2,32,7,1,7
101792,180107,6,U,Female,No,3,3,2,NaN,50,2,2,2
101793,180107,49,U,Male,Yes,4,3,2,4,32,7,1,6
101794,180107,17,U,Female,Yes,3,1,2,4,45,8,1,9
101795,180107,29, ,Female,Yes,2,1,1,2,34,6,1,99
101796,180107,55,S,Male,Yes,3,1,1,3,29,4,1,7
101797,180107,29,S,Male,Yes,1,2,2,2,63,6,3,8
101798,180107,6,U,Male,No,3,8,6,4,36,98,8,99
101799,180107,37,R,Male,Yes,3,4,4,3,28,4,1,5
101800,180107,12, ,Male,Yes,4,1,4,4,99,99,99,99
101802,180107,40,S,Female,Yes,4,1,1,2,36,4,4,2
101804,180107,45, ,Male,No,1,1,NaN,NaN,53,1,4,98
101806,180107,12,S,Female,Yes,3,8,1,NaN,27,1,1,2
101808,180107,1,U,Male,Yes,4,4,4,4,62,5,3,4
101813,180107,6,U,Male,Yes,2,1,3,NaN,58,4,3,8
101814,180107,6,S,Male,Yes,1,4,1,2,23,4,2,6
101817,180107,12,S,Female,Yes,1,1,2,4,63,4,3,98
101825,180107,39,U,Male,No,2,2,NaN,NaN,59,3,2,3
101826,180107,12,U,Male,Yes,1,1,1,1,51,7,1,99
101828,180107,21,U,Male,Yes,3,1,1,NaN,42,3,1,4
101837,180107,39,U,Male,No,2,3,NaN,NaN,58,3,4,1
101838,180107,24,U,Female,Yes,1,1,1,1,61,6,4,6
101839,180107,37,R,Male,No,4,1,4,NaN,30,3,1,1
101840,180107,48,U,Male,No,2,4,4,NaN,67,6,5,2
101841,180107,55,R,Male,Yes,3,1,1,1,61,6,1,8
101842,180107,49,S,Female,Yes,2,3,3,4,79,6,3,99
101845,180107,12, ,Female,Yes,1,1,1,1,99,8,3,98
101847,180107,38,S,Male,Yes,1,3,2,NaN,50,4,1,6
101848,180107,16,S,Female,Yes,2,1,2,3,58,6,1,4
101849,180107,20,U,Male,Yes,2,1,2,NaN,67,3,5,4
101852,180107,49,S,Female,Yes,6,2,1,3,29,8,1,7
101856,180107,35,U,Male,Yes,2,1,2,2,37,3,1,1
101859,180107,8,U,Female,Yes,2,2,2,4,40,8,1,8
101860,180107,4,U,Male,Yes,3,9,3,4,36,6,1,7
101861,180107,48,U,Female,Yes,1,1,3,2,53,2,4,2
101862,180107,27,R,Female,Yes,1,1,2,4,67,6,3,2
101863,180107,6, ,Female,No,2,2,NaN,NaN,40,4,4,98
101866,180107,6,R,Male,No,2,1,NaN,NaN,50,1,1,98
101869,180107,53,R,Male,Yes,6,1,5,1,68,3,3,9
101870,180107,6,S,Female,Yes,4,1,1,1,20,4,2,98
101878,180108,6,S,Female,Yes,2,1,1,4,60,3,2,8
101879,180108,45,S,Male,Yes,4,1,1,NaN,34,6,1,6
101880,180108,26,R,Female,Yes,2,1,3,4,56,4,8,7
101881,180108,12, ,Male,Yes,4,2,2,4,34,4,1,98
101882,180108,24,S,Female,Yes,2,1,2,3,30,5,1,3
101883,180108,12,S,Female,No,4,4,NaN,NaN,88,6,3,98
101884,180108,12, ,Male,Yes,1,1,1,1,53,6,1,3
101885,180108,26,U,Female,Yes,1,1,3,1,54,3,4,3
101886,180108,42,S,Female,Yes,2,2,2,3,55,8,4,9
101887,180108,45,U,Male,Yes,1,2,1,NaN,66,8,3,8
101888,180108,34,U,Male,Yes,4,3,1,4,22,98,1,98
101889,180108,39,S,Male,Yes,2,4,3,3,67,6,3,7
101890,180108,12,S,Female,Yes,4,1,4,4,55,1,2,1
101891,180108,36,U,Male,Yes,2,1,1,4,33,3,1,6
101892,180108,13,S,Female,Yes,3,3,3,3,50,2,4,2
101893,180108,21,S,Female,Yes,3,1,2,NaN,42,3,4,5
101894,180108,36,S,Male,Yes,3,2,2,4,48,8,4,7
101895,180108,9,S,Female,Yes,1,1,1,3,74,6,3,6
101899,180108,24,S,Female,Yes,3,2,2,NaN,56,7,4,8
101900,180108,13,S,Male,Yes,2,2,2,3,27,4,1,6
101901,180108,6,U,Male,Yes,4,2,2,4,24,3,7,6
101904,180108,42, ,Female,Yes,2,1,1,2,54,7,2,99
101905,180108,26,U,Male,Yes,1,1,2,1,50,4,4,1
101906,180108,12,S,Female,Yes,3,1,1,1,40,7,4,3
101907,180108,21,U,Male,Yes,1,5,5,4,70,5,3,3
101908,180108,48,S,Male,Yes,3,1,1,NaN,64,5,6,9
101909,180108,17,U,Female,Yes,4,2,1,2,27,8,1,7
101911,180108,12,S,Male,Yes,4,3,4,NaN,25,3,1,3
101912,180108,36,U,Male,Yes,2,1,1,3,25,6,1,6
101913,180108,53,S,Male,Yes,2,1,1,1,37,6,1,4
101917,180108,18,S,Female,Yes,1,1,1,1,39,3,1,2
101918,180108,24,S,Female,Yes,2,1,1,1,62,4,1,7
101919,180108,18,U,Female,Yes,2,2,3,3,60,6,4,1
101921,180108,36,U,Male,Yes,3,1,1,3,29,7,1,7
101924,180108,9,U,Female,Yes,1,1,1,1,24,1,4,98
101926,180108,21,S,Male,Yes,1,1,1,3,71,7,3,9
101927,180108,37,U,Female,Yes,1,4,4,NaN,41,2,4,1
101928,180108,36,U,Male,Yes,1,1,1,1,49,3,6,2
101929,180108,45,S,Female,Yes,1,1,1,3,40,6,1,8
101930,180108,51,S,Male,Yes,2,1,1,NaN,29,6,1,6
101931,180108,26,U,Female,Yes,4,1,1,2,61,8,8,8
101933,180108,51,S,Male,Yes,2,1,1,1,51,8,5,8
101934,180108,36,S,Male,Yes,4,3,1,NaN,75,3,1,7
101935,180108,26,U,Male,Yes,4,2,2,NaN,38,3,1,99
101936,180108,45, ,Female,Yes,2,2,2,2,47,6,4,8
101937,180108,36,S,Male,Yes,1,1,1,NaN,45,3,1,9
101939,180108,50,R,Male,Yes,6,1,2,4,64,6,3,6
101940,180108,47,U,Female,Yes,4,1,4,NaN,75,3,3,6
101941,180108,42,S,Male,No,4,4,2,NaN,40,3,1,3
101944,180108,51,S,Male,Yes,3,2,1,4,35,5,1,8
101945,180108,45, ,Female,No,3,2,NaN,NaN,64,4,3,2
101946,180108,12,U,Female,Yes,1,1,1,1,50,98,5,2
101947,180108,34,S,Female,Yes,2,1,1,2,67,7,3,8
101948,180108,13,U,Female,No,2,2,2,4,73,4,3,2
101949,180108,47,U,Male,Yes,2,1,4,4,24,4,1,9
101950,180108,51,S,Female,Yes,4,1,1,2,19,3,4,7
101951,180108,39,S,Male,Yes,1,1,1,2,56,7,1,9
101952,180108,36,S,Female,Yes,2,1,1,2,19,3,4,98
101953,180108,24,S,Female,Yes,3,6,1,4,30,5,1,3
101957,180108,38,S,Male,No,1,4,NaN,NaN,68,4,3,6
101958,180108,27,S,Female,Yes,3,3,2,2,33,3,1,4
101960,180108,27,U,Female,Yes,3,1,1,1,47,8,2,9
101961,180108,48,S,Male,Yes,3,4,2,4,41,3,1,99
101962,180108,48,S,Female,Yes,2,3,1,4,32,6,1,9
101965,180108,48,U,Female,Yes,1,3,1,4,32,6,1,7
101966,180108,17, ,Male,Yes,1,1,2,2,42,6,1,99
101968,180108,19,R,Male,No,2,4,4,NaN,49,4,1,4
101970,180108,36,U,Male,Yes,4,3,2,4,31,6,1,9
101971,180108,29,S,Male,Yes,2,2,2,NaN,55,3,2,2
101974,180108,17,S,Female,Yes,3,5,1,5,56,7,1,4
101975,180108,19,S,Male,Yes,1,4,1,2,65,4,3,7
101976,180108,20,R,Male,Yes,4,1,4,NaN,71,4,3,6
101977,180108,38,S,Male,Yes,2,2,3,3,60,4,6,5
101978,180108,17,S,Male,Yes,1,1,2,4,62,3,3,6
101984,180108,27,S,Male,Yes,1,1,1,NaN,46,4,1,4
101985,180108,22,S,Female,Yes,4,1,1,2,19,4,2,4
101986,180108,27,S,Male,Yes,3,2,3,2,22,3,4,98
101988,180108,48,S,Female,No,4,2,NaN,NaN,58,3,1,3
101989,180108,55,U,Female,Yes,2,1,1,3,32,3,1,8
101990,180108,12,U,Male,Yes,4,1,2,4,26,5,1,6
101994,180108,55,U,Female,Yes,2,5,1,1,30,6,1,4
101995,180108,1,S,Male,Yes,1,2,3,3,60,6,1,7
101996,180108,48,S,Male,Yes,1,1,1,3,53,5,1,5
101998,180108,18,S,Male,Yes,4,1,2,NaN,33,2,1,4
101999,180108,21, ,Male,Yes,2,4,4,NaN,60,3,2,7
102000,180108,48,U,Male,Yes,2,4,2,4,25,5,1,98
102001,180108,39,U,Male,Yes,2,1,1,4,51,6,1,7
102003,180108,42,U,Male,Yes,4,2,1,NaN,42,6,1,9
102004,180108,48,S,Female,Yes,1,1,1,1,26,4,4,2
102005,180108,36,U,Male,Yes,1,2,1,NaN,65,8,1,99
102006,180108,12,S,Female,Yes,1,1,1,2,27,5,1,4
102008,180108,13,R,Male,Yes,2,2,4,3,73,6,2,6
102011,180108,13,R,Male,Yes,2,1,1,3,69,7,1,9
102014,180108,51,U,Male,Yes,3,1,1,2,19,3,4,7
102018,180108,39,S,Male,Yes,1,1,1,2,45,6,1,9
102019,180108,18,R,Male,Yes,1,1,1,NaN,44,4,4,1
102020,180108,36,S,Female,Yes,3,1,2,4,37,6,4,6
102022,180108,12,S,Female,Yes,3,1,1,1,19,4,4,7
102023,180108,51,S,Male,Yes,4,1,3,NaN,60,1,1,8
102024,180108,9,U,Male,Yes,2,5,5,2,29,6,1,6
102026,180108,12,S,Female,Yes,3,1,5,2,28,7,1,5
102027,180108,48,U,Male,Yes,2,4,4,NaN,50,1,4,3
102029,180108,47,S,Male,Yes,1,1,2,NaN,73,5,1,5
102030,180108,20,S,Male,Yes,1,1,1,3,68,8,2,8
102032,180108,45,S,Female,Yes,2,1,1,1,18,3,4,98
102034,180108,47,R,Male,Yes,5,3,1,NaN,82,4,3,5
102037,180108,40,R,Male,Yes,1,1,1,2,57,7,1,8
102041,180108,48,U,Female,Yes,2,2,1,4,29,6,1,5
102042,180108,47,R,Male,Yes,3,2,1,4,65,5,3,3
102043,180108,48,U,Male,Yes,2,2,1,NaN,44,6,1,9
102044,180108,48,U,Male,No,1,1,6,NaN,55,3,1,2
102045,180108,48,S,Male,Yes,6,1,1,4,53,6,3,7
102046,180108,48,U,Male,Yes,4,1,5,NaN,45,6,1,99
102047,180108,28, ,Male,No,4,4,NaN,NaN,58,3,1,3
102049,180108,12,U,Male,Yes,1,1,1,3,66,4,3,9
102050,180108,48,U,Female,Yes,2,1,3,3,55,6,1,99
102051,180108,5,S,Female,Yes,3,1,2,1,19,3,1,1
102052,180108,48,U,Female,Yes,5,1,1,3,70,6,3,6
102053,180108,17,S,Male,Yes,2,2,1,3,19,4,7,7
102054,180108,20,S,Male,Yes,2,1,5,NaN,70,8,5,7
102055,180108,22, ,Male,Yes,3,2,2,3,50,4,1,99
102056,180108,48,S,Female,Yes,3,2,2,4,50,4,1,6
102057,180108,22,R,Male,No,4,2,NaN,NaN,67,2,3,2
102058,180108,45,S,Female,Yes,4,4,3,3,80,7,3,4
102059,180108,2,U,Male,Yes,2,2,2,NaN,67,4,3,3
102060,180108,55,S,Male,Yes,3,2,3,4,35,4,1,5
102062,180108,48,U,Male,Yes,2,1,1,NaN,30,4,1,5
102063,180109,47, ,Female,Yes,2,1,4,3,19,4,1,99
102065,180108,42,S,Male,Yes,3,1,3,4,70,5,2,6
102066,180108,53,U,Male,Yes,1,1,3,3,60,2,6,1
102067,180108,8,U,Male,Yes,4,4,4,4,20,3,1,98
102068,180108,15,S,Male,Yes,4,4,4,4,21,3,1,6
102069,180108,41, ,Male,Yes,4,5,5,4,99,8,99,99
102070,180108,8,S,Male,Yes,2,1,1,1,19,3,7,8
102071,180108,15,R,Female,Yes,1,1,1,1,65,6,2,9
102072,180108,4,U,Male,Yes,4,1,1,4,27,5,1,5
102073,180108,38,S,Male,Yes,4,1,1,NaN,32,8,1,8
102074,180108,6,U,Male,Yes,1,9,1,1,18,4,2,98
102076,180109,37,R,Male,Yes,1,1,2,NaN,56,5,3,6
102077,180109,42, ,Female,Yes,1,1,3,4,99,99,99,99
102079,180109,39,S,Male,Yes,1,1,2,4,54,3,1,6
102080,180109,12, ,Male,Yes,3,3,4,4,19,2,4,9
102082,180109,36,U,Female,No,1,1,NaN,NaN,77,6,3,5
102083,180109,34,S,Male,Yes,1,1,1,1,57,7,1,4
102084,180109,51,R,Male,Yes,2,3,2,4,70,6,3,6
102086,180109,21,R,Female,No,1,2,NaN,NaN,64,3,4,99
102091,180109,54,U,Male,Yes,1,1,2,NaN,61,4,6,3
102092,180109,51, ,Male,Yes,4,5,5,2,43,5,99,9
102093,180109,42,S,Female,Yes,3,4,4,3,62,5,8,99
102094,180109,26,S,Female,Yes,4,4,1,NaN,37,6,1,8
102096,180109,47,S,Female,Yes,2,3,1,NaN,58,5,1,6
102097,180109,36,S,Male,Yes,4,2,1,4,19,4,2,98
102098,180109,39,S,Male,Yes,3,2,3,3,34,2,1,3
102100,180109,45,U,Female,Yes,4,1,1,4,19,3,4,1
102102,180109,44,S,Female,Yes,2,1,2,4,70,6,2,4
102104,180109,42,S,Male,Yes,4,4,4,4,25,3,4,2
102106,180109,39,U,Female,Yes,1,1,1,3,50,6,1,98
102110,180109,12,U,Female,Yes,2,2,1,3,59,4,1,5
102111,180109,50,U,Male,Yes,4,1,5,3,54,6,5,8
102112,180109,25,S,Male,Yes,6,3,2,2,99,7,5,6
102113,180109,9,S,Male,Yes,3,1,1,3,58,3,1,2
102116,180109,36,S,Male,Yes,3,3,2,4,38,7,1,8
102118,180109,45,S,Female,Yes,3,1,1,2,26,4,2,3
102121,180109,42,U,Male,Yes,4,1,5,1,43,3,1,8
102122,180109,36,S,Male,Yes,1,1,1,2,27,6,1,6
102124,180109,42,S,Male,Yes,1,3,3,3,24,2,1,1
102125,180109,12,U,Male,Yes,2,1,1,3,40,7,1,9
102127,180109,45,S,Male,Yes,3,2,3,4,27,4,2,4
102129,180109,34,S,Female,Yes,2,1,1,1,24,6,4,1
102130,180109,11,U,Female,Yes,2,1,1,2,27,5,2,98
102132,180109,36,S,Female,Yes,1,2,4,4,67,5,3,98
102133,180109,12,S,Female,Yes,4,1,2,3,31,5,4,4
102134,180109,25,S,Male,Yes,2,1,1,NaN,62,6,1,6
102138,180109,37,S,Male,Yes,4,4,4,4,63,5,3,2
102143,180109,6,U,Male,Yes,6,1,1,4,23,3,3,9
102144,180109,23, ,Female,No,4,4,NaN,NaN,99,99,99,99
102145,180109,39,S,Female,Yes,1,1,1,3,48,8,1,7
102146,180109,24,U,Male,Yes,3,2,2,NaN,80,3,3,7
102147,180109,24,S,Female,No,1,2,NaN,NaN,68,3,4,98
102149,180109,47,S,Male,Yes,3,1,1,NaN,37,4,1,6
102151,180109,6,U,Male,Yes,1,1,1,2,22,3,1,8
102152,180109,26,U,Female,Yes,3,2,4,NaN,54,3,2,1
102153,180109,20,R,Female,Yes,6,1,3,NaN,34,1,4,98
102156,180109,55,U,Male,No,1,1,NaN,NaN,69,4,3,2
102157,180109,20,U,Male,Yes,2,2,1,3,34,6,1,6
102158,180109,27,S,Male,Yes,3,2,1,1,37,6,1,7
102159,180109,55,R,Female,Yes,2,1,1,3,21,4,2,1
102160,180109,6,U,Female,Yes,2,1,1,NaN,65,5,3,6
102162,180109,18,S,Male,Yes,3,5,1,4,38,3,1,7
102165,180109,55,R,Male,Yes,3,1,4,4,60,5,3,4
102166,180109,20,U,Female,Yes,1,1,1,NaN,68,7,3,6
102167,180109,48,U,Female,Yes,4,3,3,3,38,4,1,2
102170,180109,40, ,Female,No,4,4,NaN,NaN,57,5,1,99
102178,180109,55,U,Male,Yes,1,1,2,NaN,52,4,1,7
102179,180109,25,U,Female,Yes,1,4,2,4,25,3,1,6
102180,180109,9,S,Male,Yes,2,2,1,3,55,6,2,3
102181,180109,42,U,Male,Yes,2,3,3,3,45,5,1,6
102183,180109,25,U,Female,Yes,3,2,1,3,27,7,1,8
102184,180109,25,S,Male,Yes,3,1,1,2,31,7,1,7
102186,180109,34,S,Female,Yes,2,2,2,4,35,5,1,4
102188,180109,34,S,Male,Yes,2,2,1,4,28,6,1,8
102189,180109,23,S,Male,Yes,4,2,4,NaN,55,3,4,1
102190,180109,36,S,Female,Yes,1,2,3,NaN,56,4,1,8
102196,180109,18, ,Female,No,2,1,1,1,30,5,1,4
102201,180109,39, ,Male,No,6,6,NaN,NaN,32,1,8,99
102203,180109,17,R,Female,Yes,1,1,1,2,59,5,1,6
102204,180109,6,S,Male,Yes,3,1,2,NaN,99,6,1,99
102206,180109,41,U,Female,Yes,2,2,3,3,52,3,1,3
102207,180109,6,S,Male,Yes,4,3,1,3,44,3,1,4
102208,180109,32,S,Male,Yes,3,5,5,1,67,6,2,9
102210,180109,6,S,Female,Yes,1,3,1,NaN,76,5,5,5
102211,180109,6,S,Male,Yes,1,1,1,NaN,83,8,3,99
102213,180109,12,S,Male,Yes,4,4,4,3,58,3,1,7
102215,180109,49,U,Male,Yes,2,1,2,3,22,5,1,3
102216,180109,30,R,Male,Yes,3,1,1,4,40,3,5,9
102217,180109,17,S,Female,No,3,1,NaN,NaN,83,2,3,98
102218,180109,53,U,Male,Yes,4,4,4,4,24,98,5,99
102219,180109,6,S,Male,Yes,2,1,1,1,21,3,1,98
102220,180109,41,R,Male,Yes,6,1,1,4,42,5,3,1
102221,180109,6,S,Male,Yes,1,1,5,1,59,5,6,1
102226,180109,6,U,Male,Yes,5,3,1,4,67,7,1,9
102227,180109,27,R,Female,Yes,2,1,2,2,65,6,3,6
102228,180109,53,S,Male,Yes,3,1,1,3,43,6,1,3
102229,180109,36,S,Female,Yes,3,1,1,3,44,8,1,99
102235,180109,42,U,Female,Yes,4,1,1,3,51,6,1,3
102236,180109,36,U,Male,Yes,4,2,1,4,26,8,1,4
102237,180109,36,S,Male,Yes,4,1,2,4,56,5,3,6
102238,180109,34,S,Female,Yes,4,2,1,3,43,6,1,9
102239,180109,34,S,Female,Yes,3,3,2,NaN,49,6,2,4
102240,180109,6,U,Female,Yes,1,2,2,2,37,6,4,9
102241,180109,53,U,Female,Yes,1,1,1,3,58,3,4,6
102243,180109,6,S,Male,Yes,4,1,1,2,28,7,1,8
102245,180109,6,S,Female,Yes,2,1,2,3,34,6,1,99
102247,180109,41,S,Female,Yes,2,4,2,4,59,4,4,8
102248,180109,8,S,Female,Yes,4,1,1,2,46,7,1,7
102250,180109,8, ,Female,Yes,4,3,1,NaN,56,7,1,5
102251,180109,6,U,Male,Yes,1,4,4,4,60,3,5,3
102252,180109,6,S,Male,Yes,4,1,1,NaN,28,6,1,9
102253,180109,6,S,Male,Yes,2,2,4,3,40,3,1,4
102254,180109,6, ,Female,Yes,1,1,1,1,25,6,1,4
102256,180109,49,U,Female,Yes,4,2,1,3,51,6,1,7
102257,180109,53,U,Male,Yes,4,2,1,2,21,5,2,3
102258,180109,35,R,Female,Yes,3,2,3,NaN,44,3,4,1
102260,180109,6,U,Male,Yes,2,2,2,3,40,3,1,4
102261,180109,6,S,Male,Yes,6,5,5,4,27,6,4,3
102262,180109,6, ,Female,Yes,1,1,1,1,72,99,99,99
102263,180109,6,R,Male,Yes,4,2,2,4,23,4,1,3
102268,180109,13,S,Male,Yes,3,3,2,NaN,70,8,3,8
102269,180109,6,U,Female,Yes,4,2,1,2,51,6,4,2
102270,180109,48,U,Female,Yes,1,1,2,2,68,3,3,6
102271,180109,40,R,Male,Yes,3,1,2,1,66,4,3,99
102272,180109,53, ,Male,No,4,6,NaN,NaN,87,2,3,3
102273,180109,48,U,Female,Yes,4,1,1,3,40,3,4,2
102274,180109,28,R,Female,Yes,4,1,4,4,29,3,4,1
102275,180109,48,U,Female,Yes,6,1,1,NaN,69,7,3,98
102276,180109,48,U,Male,Yes,2,1,1,3,34,2,1,2
102277,180109,48,U,Male,Yes,4,4,4,4,45,5,5,8
102278,180109,8,S,Male,Yes,4,2,1,4,25,4,2,2
102279,180109,4,R,Male,Yes,1,1,1,3,59,2,6,1
102280,180109,35,R,Male,No,3,4,NaN,NaN,65,3,2,2
102281,180109,16,R,Male,Yes,3,3,3,3,70,7,3,99
102282,180109,49,U,Female,Yes,4,4,4,4,53,5,6,2
102283,180109,8,S,Male,Yes,4,3,1,3,28,4,4,3
102287,180109,6,S,Female,No,2,4,4,4,55,2,4,2
102290,180110,6,U,Male,Yes,1,1,1,NaN,60,6,2,2
102293,180109,6,U,Male,Yes,1,1,1,1,61,8,1,9
102294,180109,6,S,Female,No,3,4,NaN,NaN,35,2,4,3
102295,180109,53,U,Female,Yes,3,1,2,2,24,3,2,1
102296,180109,6,U,Male,Yes,2,3,2,3,23,3,4,98
102297,180109,6,U,Male,Yes,1,1,1,2,26,4,1,4
102298,180109,41,S,Male,Yes,4,1,3,2,19,3,2,9
102300,180110,6,S,Male,Yes,1,3,3,3,68,5,3,4
102301,180110,42, ,Male,Yes,1,1,3,4,26,3,1,98
102302,180110,34,S,Male,Yes,3,1,4,3,51,3,1,5
102304,180110,13,S,Male,Yes,1,1,4,4,42,3,4,99
102305,180110,34,S,Female,Yes,1,1,2,4,47,6,4,9
102308,180110,12,R,Female,Yes,1,1,1,3,62,4,3,3
102311,180110,37,U,Male,Yes,3,2,2,NaN,63,7,1,7
102313,180110,34,S,Female,Yes,4,4,4,NaN,33,8,2,5
102316,180110,26,S,Female,Yes,1,2,1,NaN,30,4,1,3
102319,180110,9,S,Female,Yes,1,1,2,3,49,4,2,6
102320,180110,42,S,Female,Yes,3,2,2,3,36,8,1,8
102321,180110,12,U,Female,Yes,3,2,2,1,25,4,1,5
102323,180110,36,S,Female,Yes,2,1,1,3,58,5,1,99
102325,180110,24,S,Female,Yes,1,1,1,4,65,3,6,3
102326,180110,9,R,Male,Yes,1,1,1,NaN,57,3,1,5
102328,180110,36,U,Female,Yes,2,2,2,2,82,4,1,3
102329,180110,34,S,Male,Yes,2,1,1,3,61,8,1,9
102330,180110,34,S,Male,Yes,4,1,1,4,32,6,1,2
102332,180110,42,U,Female,Yes,6,2,1,3,48,4,2,7
102333,180110,36,U,Male,Yes,3,2,2,4,35,6,1,9
102336,180110,39,S,Male,Yes,2,1,1,1,55,6,5,8
102337,180110,26,U,Male,Yes,1,1,1,4,61,4,1,8
102338,180110,18,R,Female,Yes,1,1,1,2,32,3,1,2
102339,180110,39,U,Male,Yes,2,4,3,NaN,47,6,1,6
102342,180110,1,U,Male,Yes,2,1,1,3,18,3,1,4
102343,180110,39,S,Female,Yes,1,1,1,2,60,5,3,6
102344,180110,39,S,Male,Yes,1,5,5,3,36,6,1,8
102346,180110,37,U,Female,Yes,1,2,1,2,48,7,1,9
102347,180110,26,S,Female,Yes,2,2,3,NaN,99,4,2,99
102348,180110,26,R,Male,Yes,3,4,4,4,38,4,4,4
102352,180110,55,S,Male,No,3,2,NaN,NaN,66,3,1,6
102353,180110,13,R,Female,Yes,1,3,1,NaN,32,4,4,1
102354,180110,55,S,Male,Yes,1,4,2,4,80,4,3,5
102355,180110,27,S,Female,No,1,1,NaN,NaN,89,4,3,1
102356,180110,27,S,Male,Yes,2,4,4,NaN,51,4,1,3
102357,180110,39,R,Female,Yes,1,1,1,1,44,3,5,2
102359,180110,23,S,Male,Yes,1,4,4,4,62,3,1,8
102362,180110,13,U,Male,Yes,4,4,4,4,59,5,1,3
102363,180110,45,S,Female,No,1,3,NaN,NaN,68,3,3,2
102364,180110,51,S,Male,Yes,1,1,1,3,21,3,4,9
102365,180110,37,U,Female,Yes,3,2,3,NaN,69,4,3,3
102368,180110,21,U,Female,No,5,4,NaN,NaN,73,3,4,98
102369,180110,21,U,Female,Yes,2,1,2,3,60,4,3,4
102372,180110,37,U,Female,Yes,2,2,2,2,70,3,3,5
102374,180110,13,U,Male,Yes,3,1,2,3,24,6,1,6
102375,180110,37,U,Male,Yes,4,2,1,NaN,26,6,7,6
102378,180110,48,S,Male,Yes,3,1,1,4,25,6,1,5
102381,180110,47,S,Male,No,4,4,4,NaN,52,2,1,8
102382,180110,45,S,Male,Yes,1,4,2,4,27,4,1,4
102384,180110,22,S,Female,Yes,3,1,1,2,20,4,8,6
102386,180110,27,U,Female,Yes,3,1,1,NaN,29,6,1,7
102387,180110,29,U,Female,Yes,3,1,2,2,65,5,3,4
102388,180110,29,R,Male,Yes,3,3,3,NaN,24,2,1,3
102390,180110,17,S,Female,Yes,1,1,2,4,64,5,3,2
102392,180110,17,R,Male,Yes,1,1,1,1,54,3,1,8
102393,180110,27,S,Male,Yes,3,1,1,4,56,8,1,8
102394,180110,17,S,Female,Yes,2,1,2,4,28,5,4,4
102395,180110,55,U,Male,No,4,2,2,NaN,29,3,4,1
102396,180110,55,S,Female,Yes,4,2,2,2,56,4,2,3
102398,180110,26,R,Female,Yes,1,1,1,2,66,8,3,8
102404,180110,42,S,Male,Yes,1,1,3,3,62,5,6,2
102405,180110,42,S,Female,Yes,2,2,3,NaN,76,6,3,4
102406,180110,36,U,Female,Yes,4,1,1,4,40,8,1,6
102407,180110,36,U,Female,Yes,4,1,1,4,30,2,4,1
102408,180110,17,U,Male,Yes,2,2,2,4,75,8,3,99
102409,180110,36,S,Female,Yes,6,1,2,NaN,28,6,1,7
102412,180110,41,R,Female,Yes,2,2,1,1,47,6,4,5
102413,180110,15,S,Female,Yes,2,1,1,2,23,3,1,7
102414,180110,48,S,Female,Yes,4,1,1,4,51,6,4,9
102416,180110,16,U,Male,Yes,3,5,5,NaN,35,8,1,8
102417,180110,6,S,Female,Yes,2,1,1,3,28,6,1,9
102418,180110,6,U,Female,Yes,1,1,1,2,30,4,8,98
102419,180110,6,U,Male,Yes,2,3,2,3,43,7,1,8
102420,180110,6,U,Female,Yes,6,1,1,3,50,6,2,99
102421,180110,41,R,Female,No,1,2,NaN,NaN,75,2,3,4
102422,180110,6, ,Female,Yes,6,1,2,3,21,6,4,99
102424,180110,2,R,Female,Yes,2,3,4,4,20,3,4,4
102425,180110,6,U,Male,Yes,2,4,4,NaN,80,8,3,9
102426,180110,6,S,Male,Yes,1,1,1,NaN,82,8,3,9
102427,180110,53,U,Female,Yes,1,1,4,NaN,45,3,1,6
102429,180110,53,S,Male,Yes,4,2,2,NaN,77,7,3,6
102430,180110,6,U,Male,Yes,4,2,2,4,32,3,2,6